Variant i;Variant j;Total Time;Summarization Time;Mapping Time;Number of Events;Average Number of Application;Average Number of Offer;Largest Type Object Set;Cost;Lane Optionality;n;;;1;2;3;4;5
0;1;1.1614656;0.6635451;0.4979205;30;1;1;1;6;0;2;;2;5.972577271;10.18051872;6.367521784;1.415448359;69.47999375
0;2;5.2714543;5.1024989;0.1689554;34;1;1.5;2;6;1;2;;4;6.548750631;1.476346064;26.94696855;30.14180429;92.90727538
0;3;1.0917948;1.039021;0.0527738;29;1;1.5;2;12;1;2;;8;7.192352867;12.89880184;18.11072818;24.28011688;3.174293369
0;4;12.8498786;6.7759936;6.073885;30;1;1.5;2;16;1;2;;;;;;;
0;5;0.5774759;0.569236;0.0082399;28;1;1;1;6;0;2;;Median;1.3518505;4.2502536;25.3439221;;
0;6;8.0321958;1.2853531;6.7468427;31;1;1.5;2;11;1;2;;Maximum;132.8497656;157.8224002;390.672982;;
0;7;5.2666328;5.2491788;0.017454;32;1;1.5;2;12;1;2;;Minimum;0.0238663;0.0808644;0.5546428;;
0;8;25.1593931;11.8106761;13.348717;28;1;1.5;2;16;1;2;;;;;;;
0;9;14.3856278;7.1413524;7.2442754;30;1;1.5;2;16;1;2;;Median;0.44060195;0.0896205;0.250802;;
1;2;4.4139623;2.4085023;2.00546;32;1;1.5;2;9;1;2;;Maximum;57.4103171;1.0449865;4.4831199;;
1;3;0.4013561;0.2711899;0.1301662;27;1;1.5;2;9;1;2;;Minimum;0.0136892;0.0332785;0.0766426;;
1;4;0.5173094;0.5022817;0.0150277;28;1;1.5;2;12;1;2;;;;;;;
1;5;0.2934564;0.2064488;0.0870076;26;1;1;1;5;0;2;;Median;0.58022785;4.1542894;24.7629403;;
1;6;3.6672664;0.7479699;2.9192965;29;1;1.5;2;8;1;2;;Maximum;128.3824574;157.6805649;390.3359679;;
1;7;3.1711944;2.2108509;0.9603435;30;1;1.5;2;13;1;2;;Median;0.0052187;0.0123836;0.2942434;;
1;8;4.2560957;2.6804311;1.5756646;26;1;1.5;2;13;1;2;;;;;;;
1;9;0.5864813;0.5579684;0.0285129;28;1;1.5;2;13;1;2;;2;2.431481204;1.291580211;0.106948051;0.085947107;0.168960255
2;3;0.1516009;0.0625907;0.0890102;31;1;2;2;8;0;2;;4;2.574685962;0.443501818;0.087747302;0.222564389;0.411323491
2;4;24.4124046;10.7263651;13.6860395;32;1;2;2;21;0;2;;8;1.920973796;0.107363264;0.128637432;1.041428787;0.248075464
2;5;1.3648483;1.3250669;0.0397814;30;1;1.5;2;9;1;2;;;;;;;
2;6;17.9801524;0.0426503;17.9375021;33;1;2;2;7;0;2;;2;3.541096067;8.888938504;6.260573733;1.302589398;69.31478817
2;7;12.9306449;12.4546813;0.4759636;34;1;2;2;17;0;2;;4;3.974064669;1.032844247;26.85922124;29.9192399;92.49595189
2;8;26.9932439;5.0065821;21.9866618;30;1;2;2;17;0;2;;8;5.271379071;12.79143858;17.98494936;23.23868809;2.926217904
2;9;27.1503492;11.2808126;15.8695366;32;1;2;2;20;0;2;;;;;;;
3;4;0.5918173;0.3873214;0.2044959;27;1;2;2;16;0;2;;;1;2;3;4;5
3;5;0.1387114;0.1263063;0.0124051;25;1;1.5;2;8;1;2;;Average Objects;;;;;
3;6;0.7686303;0.026866;0.7417643;28;1;2;2;3;0;2;;1;;;;;
3;7;1.0018929;0.9510685;0.0508244;29;1;2;2;17;0;2;;1.5;;;;;
3;8;0.3833845;0.1563026;0.2270819;25;1;2;2;14;0;2;;2;;;;;
3;9;0.6636554;0.4345506;0.2291048;27;1;2;2;18;0;2;;2.5;;;;;
4;5;0.6548612;0.430136;0.2247252;26;1;1.5;2;14;1;2;;3;;;;;
4;6;10.4262336;1.9987507;8.4274829;29;1;2;2;18;0;2;;;;;;;
4;7;1.0505433;0.4379333;0.61261;30;1;2;2;6;0;2;;;;;;;
4;8;1.4924847;0.9458319;0.5466528;26;1;2;2;13;0;2;;;;;;;
4;9;0.0457348;0.0313535;0.0143813;28;1;2;2;2;0;2;;;;;;;
5;6;1.1022504;0.3198812;0.7823692;27;1;1.5;2;11;1;2;;;;;;;
5;7;1.0046681;0.9927702;0.0118979;28;1;1.5;2;13;1;2;;;;;;;
5;8;1.0218164;0.6222872;0.3995292;24;1;1.5;2;12;1;2;;;;;;;
5;9;0.7029886;0.4555566;0.247432;26;1;1.5;2;13;1;2;;;;;;;
6;7;12.5613248;2.440944;10.1203808;31;1;2;2;16;0;2;;;;;;;
6;8;10.823031;0.7826299;10.0404011;27;1;2;2;16;0;2;;;;;;;
6;9;10.9412408;2.1664827;8.7747581;29;1;2;2;19;0;2;;;;;;;
7;8;8.539087;4.0937649;4.4453221;28;1;2;2;15;0;2;;;;;;;
7;9;1.2497855;0.5147549;0.7350306;30;1;2;2;7;0;2;;;;;;;
8;9;1.5155503;0.9799148;0.5356355;26;1;2;2;12;0;2;;;;;;;
0;1;0.1603087;0.1294385;0.0308702;23;1;1.5;2;13;1;2;;;;;;;
0;2;0.6684515;0.3211483;0.3473032;24;1;1.5;2;15;1;2;;;;;;;
0;3;2.3118588;2.304166;0.0076928;27;1;1;1;12;0;2;;;;;;;
0;4;0.3284197;0.3138673;0.0145524;24;1;1.5;2;13;1;2;;;;;;;
0;5;0.2081263;0.1969022;0.0112241;24;1;1.5;2;12;1;2;;;;;;;
0;6;0.4754343;0.2127917;0.2626426;22;1;1.5;2;11;1;2;;;;;;;
0;7;0.9285208;0.3806751;0.5478457;23;1;1.5;2;12;1;2;;;;;;;
0;8;0.4515562;0.3907762;0.06078;24;1;1;1;12;0;2;;;;;;;
0;9;0.1555268;0.1453691;0.0101577;23;1;1.5;2;10;1;2;;;;;;;
1;2;3.0609646;0.0323208;3.0286438;29;1;2;2;3;0;2;;;;;;;
1;3;26.8019258;12.8764349;13.9254909;32;1;1.5;2;16;1;2;;;;;;;
1;4;0.8356827;0.1601317;0.675551;29;1;2;2;6;0;2;;;;;;;
1;5;0.6782944;0.3170825;0.3612119;29;1;2;2;16;0;2;;;;;;;
1;6;2.241901;0.1204471;2.1214539;27;1;2;2;10;0;2;;;;;;;
1;7;4.6122358;0.1792912;4.4329446;28;1;2;2;11;0;2;;;;;;;
1;8;1.3518505;0.6690765;0.682774;29;1;1.5;2;12;1;2;;;;;;;
1;9;0.2903793;0.0787326;0.2116467;28;1;2;2;7;0;2;;;;;;;
2;3;29.9125725;4.2284194;25.6841531;33;1;1.5;2;14;1;2;;;;;;;
2;4;3.3643654;0.1529604;3.211405;30;1;2;2;5;0;2;;;;;;;
2;5;8.1547101;0.835918;7.3187921;30;1;2;2;17;0;2;;;;;;;
2;6;1.6979359;0.1113168;1.5866191;28;1;2;2;8;0;2;;;;;;;
2;7;2.8729972;0.1263;2.7466972;29;1;2;2;9;0;2;;;;;;;
2;8;19.9855248;0.9325506;19.0529742;30;1;1.5;2;12;1;2;;;;;;;
2;9;2.2147402;0.1591594;2.0555808;29;1;2;2;8;0;2;;;;;;;
3;4;2.6947872;2.5141144;0.1806728;33;1;1.5;2;12;1;2;;;;;;;
3;5;57.6445081;57.4103171;0.234191;33;1;1.5;2;16;1;2;;;;;;;
3;6;11.7463389;2.3351678;9.4111711;31;1;1.5;2;11;1;2;;;;;;;
3;7;20.1766591;2.943887;17.2327721;32;1;1.5;2;10;1;2;;;;;;;
3;8;18.3626793;11.4508026;6.9118767;33;1;1;1;11;0;2;;;;;;;
3;9;7.8957367;7.4023879;0.4933488;32;1;1.5;2;12;1;2;;;;;;;
4;5;1.0426451;0.8690286;0.1736165;30;1;2;2;16;0;2;;;;;;;
4;6;2.3885847;0.0319925;2.3565922;28;1;2;2;6;0;2;;;;;;;
4;7;4.0497468;0.0270552;4.0226916;29;1;2;2;5;0;2;;;;;;;
4;8;4.1561164;0.7012695;3.4548469;30;1;1.5;2;11;1;2;;;;;;;
4;9;0.0599529;0.0404131;0.0195398;29;1;2;2;5;0;2;;;;;;;
5;6;3.6566629;0.4389619;3.217701;28;1;2;2;15;0;2;;;;;;;
5;7;11.1055902;1.0107495;10.0948407;29;1;2;2;15;0;2;;;;;;;
5;8;4.2903769;1.148636;3.1417409;30;1;1.5;2;13;1;2;;;;;;;
5;9;0.4239389;0.3509025;0.0730364;29;1;2;2;17;0;2;;;;;;;
6;7;0.0351228;0.0231885;0.0119343;27;1;2;2;1;0;2;;;;;;;
6;8;8.7032118;0.4435146;8.2596972;28;1;1.5;2;12;1;2;;;;;;;
6;9;1.7313803;0.0397226;1.6916577;27;1;2;2;3;0;2;;;;;;;
7;8;15.3875887;0.6897951;14.6977936;29;1;1.5;2;11;1;2;;;;;;;
7;9;3.4564088;0.0401425;3.4162663;28;1;2;2;4;0;2;;;;;;;
8;9;1.9214586;0.5735431;1.3479155;29;1;1.5;2;12;1;2;;;;;;;
0;1;1.0708359;0.8911955;0.1796404;28;1;1;1;10;0;2;;;;;;;
0;2;36.4175808;8.8820781;27.5355027;35;1;1.5;2;10;1;2;;;;;;;
0;3;1.0415881;0.0316587;1.0099294;29;1;1;1;8;0;2;;;;;;;
0;4;15.5482095;11.0155583;4.5326512;31;1;1.5;2;17;1;2;;;;;;;
0;5;8.2999911;0.9563769;7.3436142;31;1;1;1;7;0;2;;;;;;;
0;6;41.7118383;17.3330491;24.3787892;35;1;2;3;17;1;2;;;;;;;
0;7;0.235263;0.0346351;0.2006279;29;1;1;1;5;0;2;;;;;;;
0;8;5.4713976;2.7338746;2.737523;29;1;1;1;9;0;2;;;;;;;
0;9;0.4882096;0.4658955;0.0223141;32;1;1.5;2;10;1;2;;;;;;;
1;2;1.167664;0.7579127;0.4097513;29;1;1.5;2;14;1;2;;;;;;;
1;3;0.1893609;0.0663677;0.1229932;23;1;1;1;6;0;2;;;;;;;
1;4;0.0899384;0.0802403;0.0096981;25;1;1.5;2;11;1;2;;;;;;;
1;5;0.5395422;0.030586;0.5089562;25;1;1;1;5;0;2;;;;;;;
1;6;0.5979147;0.5841302;0.0137845;29;1;2;3;14;1;2;;;;;;;
1;7;0.0657915;0.058056;0.0077355;23;1;1;1;5;0;2;;;;;;;
1;8;0.0370688;0.0136892;0.0233796;23;1;1;1;3;0;2;;;;;;;
1;9;0.2535327;0.1683347;0.085198;26;1;1.5;2;12;1;2;;;;;;;
2;3;4.6081008;0.442242;4.1658588;30;1;1.5;2;13;1;2;;;;;;;
2;4;14.3105743;7.4470369;6.8635374;32;1;2;2;21;0;2;;;;;;;
2;5;47.6223785;3.6923432;43.9300353;32;1;1.5;2;13;1;2;;;;;;;
2;6;53.4854147;4.118004;49.3674107;36;1;2.5;3;9;1;2;;;;;;;
2;7;1.6186948;0.6343381;0.9843567;30;1;1.5;2;10;1;2;;;;;;;
2;8;2.2769392;2.2649091;0.0120301;30;1;1.5;2;11;1;2;;;;;;;
2;9;7.629306;4.3939124;3.2353936;33;1;2;2;4;0;2;;;;;;;
3;4;2.092209;0.6019691;1.4902399;26;1;1.5;2;14;1;2;;;;;;;
3;5;0.1356317;0.1284371;0.0071946;26;1;1;1;3;0;2;;;;;;;
3;6;2.6490919;0.6921283;1.9569636;30;1;2;3;15;1;2;;;;;;;
3;7;0.1237785;0.014946;0.1088325;24;1;1;1;3;0;2;;;;;;;
3;8;0.5103204;0.1281865;0.3821339;24;1;1;1;8;0;2;;;;;;;
3;9;1.3423086;0.0444567;1.2978519;27;1;1.5;2;12;1;2;;;;;;;
4;5;10.4911809;0.8978929;9.593288;28;1;1.5;2;14;1;2;;;;;;;
4;6;3.9918766;3.9664337;0.0254429;32;1;2.5;3;21;1;2;;;;;;;
4;7;0.5322016;0.502343;0.0298586;26;1;1.5;2;13;1;2;;;;;;;
4;8;0.3575083;0.1483702;0.2091381;26;1;1.5;2;13;1;2;;;;;;;
4;9;1.8566364;1.1547534;0.701883;29;1;2;2;18;0;2;;;;;;;
5;6;30.1584218;3.0810124;27.0774094;32;1;2;3;15;1;2;;;;;;;
5;7;0.6085588;0.1715029;0.4370559;26;1;1;1;4;0;2;;;;;;;
5;8;1.7325593;0.054547;1.6780123;26;1;1;1;7;0;2;;;;;;;
5;9;10.1437084;1.3086184;8.83509;29;1;1.5;2;13;1;2;;;;;;;
6;7;0.9908949;0.950347;0.0405479;30;1;2;3;14;1;2;;;;;;;
6;8;3.0307838;1.852508;1.1782758;30;1;2;3;16;1;2;;;;;;;
6;9;6.8819132;3.1012306;3.7806826;33;1;2.5;3;8;1;2;;;;;;;
7;8;0.2213618;0.1199714;0.1013904;24;1;1;1;6;0;2;;;;;;;
7;9;0.3037396;0.0375165;0.2662231;27;1;1.5;2;9;1;2;;;;;;;
8;9;0.7240581;0.3902254;0.3338327;27;1;1.5;2;11;1;2;;;;;;;
0;1;0.245366;0.2259773;0.0193887;28;1;2;2;17;0;2;;;;;;;
0;2;0.0979646;0.0726373;0.0253273;24;1;2;2;15;0;2;;;;;;;
0;3;1.1177098;0.0793636;1.0383462;26;1;1.5;2;14;1;2;;;;;;;
0;4;0.593324;0.1395763;0.4537477;26;1;2;2;17;0;2;;;;;;;
0;5;0.5864893;0.2802682;0.3062211;24;1;1.5;2;13;1;2;;;;;;;
0;6;0.1596313;0.1416571;0.0179742;26;1;2;2;16;0;2;;;;;;;
0;7;0.6768585;0.233148;0.4437105;25;1;2;2;12;0;2;;;;;;;
0;8;1.0021467;0.495358;0.5067887;25;1;1.5;2;14;1;2;;;;;;;
0;9;0.6181441;0.0977594;0.5203847;27;1;2;2;7;0;2;;;;;;;
1;2;0.2290872;0.0543575;0.1747297;30;1;2;2;9;0;2;;;;;;;
1;3;33.9526693;1.2852117;32.6674576;32;1;1.5;2;12;1;2;;;;;;;
1;4;4.6054355;0.0406555;4.56478;32;1;2;2;7;0;2;;;;;;;
1;5;10.662441;2.0830599;8.5793811;30;1;1.5;2;13;1;2;;;;;;;
1;6;0.0605142;0.0462214;0.0142928;32;1;2;2;4;0;2;;;;;;;
1;7;27.8309317;4.1799547;23.650977;31;1;2;2;22;0;2;;;;;;;
1;8;15.2401139;2.6368063;12.6033076;31;1;1.5;2;11;1;2;;;;;;;
1;9;132.8497656;4.4673082;128.3824574;33;1;2;2;20;0;2;;;;;;;
2;3;3.8506368;0.3116042;3.5390326;28;1;1.5;2;13;1;2;;;;;;;
2;4;0.7425029;0.0355619;0.706941;28;1;2;2;6;0;2;;;;;;;
2;5;1.1179552;0.4567517;0.6612035;26;1;1.5;2;11;1;2;;;;;;;
2;6;0.1201736;0.0352181;0.0849555;28;1;2;2;5;0;2;;;;;;;
2;7;2.5638674;0.5288001;2.0350673;27;1;2;2;18;0;2;;;;;;;
2;8;1.6509462;0.7532331;0.8977131;27;1;1.5;2;12;1;2;;;;;;;
2;9;5.0017074;0.3809667;4.6207407;29;1;2;2;17;0;2;;;;;;;
3;4;18.0936343;0.7426022;17.3510321;30;1;1.5;2;11;1;2;;;;;;;
3;5;2.0215233;1.3397339;0.6817894;28;1;1;1;9;0;2;;;;;;;
3;6;18.6817026;0.8117117;17.8699909;30;1;1.5;2;12;1;2;;;;;;;
3;7;4.4083824;3.2773615;1.1310209;29;1;1.5;2;16;1;2;;;;;;;
3;8;2.7251655;1.7586528;0.9665127;29;1;1;1;7;0;2;;;;;;;
3;9;3.278422;2.1513183;1.1271037;31;1;1.5;2;13;1;2;;;;;;;
4;5;3.6374359;1.1078688;2.5295671;28;1;1.5;2;14;1;2;;;;;;;
4;6;2.3431962;0.0405606;2.3026356;30;1;2;2;7;0;2;;;;;;;
4;7;10.9372454;2.1803637;8.7568817;29;1;2;2;19;0;2;;;;;;;
4;8;4.8829197;1.3372886;3.5456311;29;1;1.5;2;13;1;2;;;;;;;
4;9;29.9251304;1.8929598;28.0321706;31;1;2;2;19;0;2;;;;;;;
5;6;6.3399025;1.3415621;4.9983404;28;1;1.5;2;11;1;2;;;;;;;
5;7;0.2886275;0.0670209;0.2216066;27;1;1.5;2;11;1;2;;;;;;;
5;8;0.2819149;0.2735886;0.0083263;27;1;1;1;3;0;2;;;;;;;
5;9;7.081254;3.4988384;3.5824156;29;1;1.5;2;14;1;2;;;;;;;
6;7;12.6573299;1.9340458;10.7232841;29;1;2;2;20;0;2;;;;;;;
6;8;9.7718919;1.7640469;8.007845;29;1;1.5;2;10;1;2;;;;;;;
6;9;49.3171849;2.0664083;47.2507766;31;1;2;2;19;0;2;;;;;;;
7;8;1.9013485;0.926565;0.9747835;28;1;1.5;2;14;1;2;;;;;;;
7;9;3.7100061;2.1680646;1.5419415;30;1;2;2;12;0;2;;;;;;;
8;9;20.2627421;8.3790908;11.8836513;30;1;1.5;2;15;1;2;;;;;;;
0;1;0.1745975;0.1171325;0.057465;22;1;1;1;11;0;2;;;;;;;
0;2;0.0681163;0.0509543;0.017162;20;1;1;1;7;0;2;;;;;;;
0;3;0.1149799;0.0768328;0.0381471;21;1;1;1;10;0;2;;;;;;;
0;4;0.3908247;0.3837815;0.0070432;24;1;1;1;11;0;2;;;;;;;
0;5;0.0506764;0.0416058;0.0090706;21;1;1.5;2;8;1;2;;;;;;;
0;6;0.0413188;0.0300621;0.0112567;17;1;1;1;5;0;2;;;;;;;
0;7;0.0485392;0.0427336;0.0058056;18;1;1;1;6;0;2;;;;;;;
0;8;0.0800993;0.0435224;0.0365769;22;1;1;1;6;0;2;;;;;;;
0;9;0.0286297;0.023411;0.0052187;14;1;1;1;8;0;2;;;;;;;
1;2;0.0865185;0.0183073;0.0682112;26;1;1;1;4;0;2;;;;;;;
1;3;0.3147134;0.3075317;0.0071817;27;1;1;1;3;0;2;;;;;;;
1;4;4.1229771;0.0596638;4.0633133;30;1;1;1;6;0;2;;;;;;;
1;5;2.7426379;0.8314167;1.9112212;27;1;1.5;2;16;1;2;;;;;;;
1;6;0.3021958;0.273582;0.0286138;23;1;1;1;10;0;2;;;;;;;
1;7;0.6327753;0.2853555;0.3474198;24;1;1;1;10;0;2;;;;;;;
1;8;2.396784;1.6461843;0.7505997;28;1;1;1;9;0;2;;;;;;;
1;9;0.1107174;0.078693;0.0320244;20;1;1;1;13;0;2;;;;;;;
2;3;0.1667836;0.1236096;0.043174;25;1;1;1;5;0;2;;;;;;;
2;4;2.0524507;0.0826534;1.9697973;28;1;1;1;6;0;2;;;;;;;
2;5;0.7230044;0.2727174;0.450287;25;1;1.5;2;13;1;2;;;;;;;
2;6;0.0976562;0.0911166;0.0065396;21;1;1;1;6;0;2;;;;;;;
2;7;0.2248966;0.1187474;0.1061492;22;1;1;1;6;0;2;;;;;;;
2;8;0.7390052;0.5710533;0.1679519;26;1;1;1;6;0;2;;;;;;;
2;9;0.0534778;0.0419317;0.0115461;18;1;1;1;11;0;2;;;;;;;
3;4;3.2148977;0.4099201;2.8049776;29;1;1;1;9;0;2;;;;;;;
3;5;0.9616497;0.1573825;0.8042672;26;1;1.5;2;14;1;2;;;;;;;
3;6;0.1768628;0.1564562;0.0204066;22;1;1;1;9;0;2;;;;;;;
3;7;0.50774;0.2192927;0.2884473;23;1;1;1;9;0;2;;;;;;;
3;8;0.6875481;0.3145063;0.3730418;27;1;1;1;8;0;2;;;;;;;
3;9;0.0793074;0.0545134;0.024794;19;1;1;1;12;0;2;;;;;;;
4;5;3.4845509;3.4488567;0.0356942;29;1;1.5;2;15;1;2;;;;;;;
4;6;2.8675095;1.2325061;1.6350034;25;1;1;1;12;0;2;;;;;;;
4;7;0.8717345;0.8639896;0.0077449;26;1;1;1;9;0;2;;;;;;;
4;8;34.1189757;6.1690129;27.9499628;30;1;1;1;10;0;2;;;;;;;
4;9;0.1816318;0.1727364;0.0088954;22;1;1;1;15;0;2;;;;;;;
5;6;0.2249287;0.1123748;0.1125539;22;1;1.5;2;13;1;2;;;;;;;
5;7;0.163531;0.1530908;0.0104402;23;1;1.5;2;12;1;2;;;;;;;
5;8;1.5999808;0.0779856;1.5219952;27;1;1.5;2;11;1;2;;;;;;;
5;9;0.0613346;0.0521329;0.0092017;19;1;1.5;2;16;1;2;;;;;;;
6;7;0.0822381;0.0447427;0.0374954;19;1;1;1;3;0;2;;;;;;;
6;8;0.2622707;0.2403964;0.0218743;23;1;1;1;9;0;2;;;;;;;
6;9;0.0238663;0.0167429;0.0071234;15;1;1;1;6;0;2;;;;;;;
7;8;0.968985;0.351641;0.617344;24;1;1;1;9;0;2;;;;;;;
7;9;0.02692;0.0209119;0.0060081;16;1;1;1;6;0;2;;;;;;;
8;9;0.1047339;0.0757902;0.0289437;20;1;1;1;14;0;2;;;;;;;
0;1;2.9673952;0.0507151;2.9166801;38;1;1.5;2;3;1;4;;;;;;;
0;2;0.9562371;0.0511521;0.905085;39;1;1.5;2;4;1;4;;;;;;;
0;3;6.9135815;0.1028697;6.8107118;41;1;1.5;2;5;1;4;;;;;;;
0;4;0.6112836;0.0358417;0.5754419;35;1;1;1;0;0;4;;;;;;;
0;5;10.5088229;0.0522349;10.456588;40;1;1.5;2;4;1;4;;;;;;;
0;6;1.8560822;0.14919;1.7068922;40;1;1.5;2;5;1;4;;;;;;;
0;7;15.8245875;0.1027924;15.7217951;39;1;1.5;2;3;1;4;;;;;;;
0;8;8.1077068;0.1033072;8.0043996;41;1;1.5;2;5;1;4;;;;;;;
0;9;2.9755253;0.0494242;2.9261011;39;1;1.5;2;3;1;4;;;;;;;
1;2;0.4418662;0.0777865;0.3640797;41;1;2;2;1;0;4;;;;;;;
1;3;22.3496863;0.1485537;22.2011326;43;1;2;2;12;0;4;;;;;;;
1;4;0.2746355;0.067462;0.2071735;37;1;1.5;2;3;1;4;;;;;;;
1;5;27.7359816;0.0696756;27.666306;42;1;2;2;1;0;4;;;;;;;
1;6;1.147139;0.4497156;0.6974234;42;1;2;2;12;0;4;;;;;;;
1;7;40.4460607;0.178933;40.2671277;41;1;2;2;6;0;4;;;;;;;
1;8;26.2141242;0.1513516;26.0627726;43;1;2;2;12;0;4;;;;;;;
1;9;4.0489038;0.0516485;3.9972553;41;1;2;2;0;0;4;;;;;;;
2;3;8.5583123;0.1017588;8.4565535;44;1;2;2;9;0;4;;;;;;;
2;4;0.1061599;0.0427361;0.0634238;38;1;1.5;2;4;1;4;;;;;;;
2;5;10.0527147;0.0552257;9.997489;43;1;2;2;0;0;4;;;;;;;
2;6;0.2371521;0.1114096;0.1257425;43;1;2;2;9;0;4;;;;;;;
2;7;18.5772347;0.0977218;18.4795129;42;1;2;2;7;0;4;;;;;;;
2;8;10.1510562;0.1002411;10.0508151;44;1;2;2;9;0;4;;;;;;;
2;9;1.4877763;0.0531148;1.4346615;42;1;2;2;4;0;4;;;;;;;
3;4;6.4170098;0.0896205;6.3273893;40;1;1.5;2;5;1;4;;;;;;;
3;5;25.7243932;0.1143962;25.609997;45;1;2;2;9;0;4;;;;;;;
3;6;8.8719575;0.1265158;8.7454417;45;1;2;2;0;0;4;;;;;;;
3;7;26.9621545;0.1271069;26.8350476;44;1;2;2;4;0;4;;;;;;;
3;8;18.6448079;0.1345206;18.5102873;46;1;2;2;0;0;4;;;;;;;
3;9;15.7128493;0.1259828;15.5868665;44;1;2;2;15;0;4;;;;;;;
4;5;8.1733274;0.0552686;8.1180588;39;1;1.5;2;4;1;4;;;;;;;
4;6;0.1474093;0.1179703;0.029439;39;1;1.5;2;5;1;4;;;;;;;
4;7;14.4749853;0.0849862;14.3899991;38;1;1.5;2;3;1;4;;;;;;;
4;8;7.6875363;0.0907221;7.5968142;40;1;1.5;2;5;1;4;;;;;;;
4;9;1.1000443;0.0502504;1.0497939;38;1;1.5;2;6;1;4;;;;;;;
5;6;20.4030818;0.1610135;20.2420683;44;1;2;2;9;0;4;;;;;;;
5;7;39.5887725;0.1203772;39.4683953;43;1;2;2;7;0;4;;;;;;;
5;8;28.7290648;0.1230835;28.6059813;45;1;2;2;9;0;4;;;;;;;
5;9;24.1328645;0.0584424;24.0744221;43;1;2;2;4;0;4;;;;;;;
6;7;23.5812678;0.1325108;23.448757;43;1;2;2;4;0;4;;;;;;;
6;8;11.0332741;0.1333022;10.8999719;45;1;2;2;0;0;4;;;;;;;
6;9;3.2398515;0.1633724;3.0764791;43;1;2;2;15;0;4;;;;;;;
7;8;29.4661087;0.1286241;29.3374846;44;1;2;2;4;0;4;;;;;;;
7;9;26.1440193;0.124855;26.0191643;42;1;2;2;9;0;4;;;;;;;
8;9;17.6612774;0.1135637;17.5477137;44;1;2;2;15;0;4;;;;;;;
0;1;3.5884352;0.0973557;3.4910795;36;1;2;2;0;0;4;;;;;;;
0;2;13.8463526;0.0850074;13.7613452;37;1;1.5;2;4;1;4;;;;;;;
0;3;0.7960537;0.0900412;0.7060125;35;1;2;2;0;0;4;;;;;;;
0;4;0.538251;0.1445593;0.3936917;32;1;2;2;10;0;4;;;;;;;
0;5;2.5428209;0.0955654;2.4472555;33;1;2;2;3;0;4;;;;;;;
0;6;5.1780843;0.0974565;5.0806278;34;1;2;2;3;0;4;;;;;;;
0;7;0.875024;0.0938272;0.7811968;35;1;1.5;2;4;1;4;;;;;;;
0;8;0.3453423;0.0964358;0.2489065;34;1;2;2;2;0;4;;;;;;;
0;9;3.5805615;0.0861422;3.4944193;33;1;2;2;4;0;4;;;;;;;
1;2;25.6642082;0.0854063;25.5788019;39;1;1.5;2;4;1;4;;;;;;;
1;3;3.715941;0.0955433;3.6203977;37;1;2;2;0;0;4;;;;;;;
1;4;7.8132561;0.1496565;7.6635996;34;1;2;2;10;0;4;;;;;;;
1;5;2.4861572;0.0987526;2.3874046;35;1;2;2;3;0;4;;;;;;;
1;6;4.0051624;0.101778;3.9033844;36;1;2;2;3;0;4;;;;;;;
1;7;19.4375137;0.0938477;19.343666;37;1;1.5;2;4;1;4;;;;;;;
1;8;2.6207999;0.0989011;2.5218988;36;1;2;2;2;0;4;;;;;;;
1;9;3.5664122;0.0776627;3.4887495;35;1;2;2;4;0;4;;;;;;;
2;3;0.2700513;0.0809744;0.1890769;38;1;1.5;2;4;1;4;;;;;;;
2;4;0.4091964;0.168871;0.2403254;35;1;1.5;2;4;1;4;;;;;;;
2;5;9.7163147;0.0820844;9.6342303;36;1;1.5;2;2;1;4;;;;;;;
2;6;17.5867866;0.0826236;17.504163;37;1;1.5;2;2;1;4;;;;;;;
2;7;6.8475364;0.0816935;6.7658429;38;1;1;1;0;0;4;;;;;;;
2;8;0.5573272;0.0813168;0.4760104;37;1;1.5;2;3;1;4;;;;;;;
2;9;39.7075576;0.0995243;39.6080333;36;1;1.5;2;12;1;4;;;;;;;
3;4;0.3352883;0.1474963;0.187792;33;1;2;2;10;0;4;;;;;;;
3;5;2.7688274;0.0970728;2.6717546;34;1;2;2;3;0;4;;;;;;;
3;6;4.7758;0.0976545;4.6781455;35;1;2;2;3;0;4;;;;;;;
3;7;3.6213355;0.0882828;3.5330527;36;1;1.5;2;4;1;4;;;;;;;
3;8;0.1313569;0.0943558;0.0370011;35;1;2;2;2;0;4;;;;;;;
3;9;4.3863679;0.0839027;4.3024652;34;1;2;2;9;0;4;;;;;;;
4;5;3.757232;0.1825098;3.5747222;31;1;2;2;6;0;4;;;;;;;
4;6;10.9737025;0.1855045;10.788198;32;1;2;2;6;0;4;;;;;;;
4;7;3.3832525;0.1825977;3.2006548;33;1;1.5;2;4;1;4;;;;;;;
4;8;0.2170382;0.1325467;0.0844915;32;1;2;2;9;0;4;;;;;;;
4;9;8.2871067;0.2061256;8.0809811;31;1;2;2;17;0;4;;;;;;;
5;6;1.171933;0.0944454;1.0774876;33;1;2;2;0;0;4;;;;;;;
5;7;8.7674359;0.1022693;8.6651666;34;1;1.5;2;2;1;4;;;;;;;
5;8;2.1981349;0.0976401;2.1004948;33;1;2;2;1;0;4;;;;;;;
5;9;4.3110845;0.0991118;4.2119727;32;1;2;2;12;0;4;;;;;;;
6;7;15.3845513;0.0920118;15.2925395;35;1;1.5;2;2;1;4;;;;;;;
6;8;4.2502536;0.0959642;4.1542894;34;1;2;2;1;0;4;;;;;;;
6;9;7.667948;0.1002056;7.5677424;33;1;2;2;13;0;4;;;;;;;
7;8;1.5258171;0.0935302;1.4322869;35;1;1.5;2;3;1;4;;;;;;;
7;9;20.0911548;0.0817223;20.0094325;34;1;1.5;2;12;1;4;;;;;;;
8;9;2.8377129;0.0926855;2.7450274;33;1;2;2;11;0;4;;;;;;;
0;1;28.4993975;0.0598585;28.439539;42;1;1.5;2;4;1;4;;;;;;;
0;2;1.3534906;0.0398963;1.3135943;38;1;1;1;0;0;4;;;;;;;
0;3;4.9539505;0.0901419;4.8638086;43;1;1.5;2;5;1;4;;;;;;;
0;4;8.1261895;0.0408606;8.0853289;38;1;1;1;0;0;4;;;;;;;
0;5;24.8112795;0.0725197;24.7387598;45;1;2;3;7;1;4;;;;;;;
0;6;0.4260578;0.0345888;0.391469;36;1;1;1;0;0;4;;;;;;;
0;7;2.9722841;0.0339453;2.9383388;38;1;1;1;0;0;4;;;;;;;
0;8;0.4228358;0.0502485;0.3725873;41;1;1.5;2;4;1;4;;;;;;;
0;9;28.289597;0.0522004;28.2373966;41;1;1.5;2;4;1;4;;;;;;;
1;2;33.627847;0.0481476;33.5796994;42;1;1.5;2;4;1;4;;;;;;;
1;3;49.4986608;0.1456687;49.3529921;47;1;2;2;9;0;4;;;;;;;
1;4;82.5799366;0.0508168;82.5291198;42;1;1.5;2;4;1;4;;;;;;;
1;5;124.817083;0.0763079;124.7407751;49;1;2.5;3;3;1;4;;;;;;;
1;6;28.7376497;0.0458034;28.6918463;40;1;1.5;2;4;1;4;;;;;;;
1;7;31.6584287;0.0649897;31.593439;42;1;1.5;2;4;1;4;;;;;;;
1;8;39.39172;0.0578631;39.3338569;45;1;2;2;0;0;4;;;;;;;
1;9;38.1933835;0.0788458;38.1145377;45;1;2;2;0;0;4;;;;;;;
2;3;7.8985026;0.1176699;7.7808327;43;1;1.5;2;5;1;4;;;;;;;
2;4;8.5587649;0.0397844;8.5189805;38;1;1;1;0;0;4;;;;;;;
2;5;28.5159024;0.073988;28.4419144;45;1;2;3;7;1;4;;;;;;;
2;6;1.3449623;0.0350019;1.3099604;36;1;1;1;0;0;4;;;;;;;
2;7;4.1886295;0.0436964;4.1449331;38;1;1;1;0;0;4;;;;;;;
2;8;2.844785;0.0561184;2.7886666;41;1;1.5;2;4;1;4;;;;;;;
2;9;32.2549977;0.0560328;32.1989649;41;1;1.5;2;9;1;4;;;;;;;
3;4;24.8522697;0.1125706;24.7396991;43;1;1.5;2;5;1;4;;;;;;;
3;5;38.2747713;0.1228187;38.1519526;50;1;2.5;3;15;1;4;;;;;;;
3;6;4.944616;0.0996742;4.8449418;41;1;1.5;2;5;1;4;;;;;;;
3;7;8.9179394;0.0870572;8.8308822;43;1;1.5;2;5;1;4;;;;;;;
3;8;6.8764196;0.1104841;6.7659355;46;1;2;2;9;0;4;;;;;;;
3;9;43.9650331;0.1018085;43.8632246;46;1;2;2;13;0;4;;;;;;;
4;5;66.9344854;0.0764078;66.8580776;45;1;2;3;7;1;4;;;;;;;
4;6;8.0253897;0.0332785;7.9921112;36;1;1;1;0;0;4;;;;;;;
4;7;11.8042569;0.0471675;11.7570894;38;1;1;1;0;0;4;;;;;;;
4;8;19.9932108;0.0603535;19.9328573;41;1;1.5;2;4;1;4;;;;;;;
4;9;72.4495635;0.0580238;72.3915397;41;1;1.5;2;9;1;4;;;;;;;
5;6;25.871851;1.0449865;24.8268645;43;1;2;3;7;1;4;;;;;;;
5;7;31.1152456;0.0711864;31.0440592;45;1;2;3;7;1;4;;;;;;;
5;8;34.37776;0.0711554;34.3066046;48;1;2.5;3;3;1;4;;;;;;;
5;9;94.6203761;0.0746953;94.5456808;48;1;2.5;3;8;1;4;;;;;;;
6;7;3.0597035;0.0437852;3.0159183;36;1;1;1;0;0;4;;;;;;;
6;8;0.6283097;0.0561656;0.5721441;39;1;1.5;2;4;1;4;;;;;;;
6;9;28.6636486;0.050203;28.6134456;39;1;1.5;2;9;1;4;;;;;;;
7;8;4.5023407;0.0544541;4.4478866;41;1;1.5;2;4;1;4;;;;;;;
7;9;28.013667;0.0524676;27.9611994;41;1;1.5;2;7;1;4;;;;;;;
8;9;40.756391;0.0548903;40.7015007;44;1;2;2;4;0;4;;;;;;;
0;1;0.3907136;0.0935991;0.2971145;43;1;3;3;3;0;4;;;;;;;
0;2;54.8422391;0.1280941;54.714145;44;1;2.5;3;7;1;4;;;;;;;
0;3;7.3521291;0.0824941;7.269635;45;1;3;3;1;0;4;;;;;;;
0;4;14.5060288;0.1160604;14.3899684;41;1;2.5;3;8;1;4;;;;;;;
0;5;0.1546028;0.1046046;0.0499982;45;1;3;3;2;0;4;;;;;;;
0;6;29.9927881;0.1483558;29.8444323;42;1;2.5;3;8;1;4;;;;;;;
0;7;21.5760036;0.1183551;21.4576485;42;1;2.5;3;8;1;4;;;;;;;
0;8;157.8224002;0.1418353;157.6805649;42;1;2.5;3;10;1;4;;;;;;;
0;9;0.3289144;0.0809104;0.248004;43;1;2.5;3;9;1;4;;;;;;;
1;2;7.6409723;0.1280081;7.5129642;41;1;2.5;3;7;1;4;;;;;;;
1;3;1.8272429;0.106521;1.7207219;42;1;3;3;2;0;4;;;;;;;
1;4;1.730282;0.1429477;1.5873343;38;1;2.5;3;7;1;4;;;;;;;
1;5;0.2682782;0.1033883;0.1648899;42;1;3;3;1;0;4;;;;;;;
1;6;3.2174359;0.1591695;3.0582664;39;1;2.5;3;7;1;4;;;;;;;
1;7;2.4514705;0.1427473;2.3087232;39;1;2.5;3;7;1;4;;;;;;;
1;8;6.5550597;0.1799679;6.3750918;39;1;2.5;3;9;1;4;;;;;;;
1;9;0.3327892;0.086169;0.2466202;40;1;2.5;3;9;1;4;;;;;;;
2;3;31.0495893;0.130209;30.9193803;43;1;2.5;3;7;1;4;;;;;;;
2;4;3.2042871;0.1262957;3.0779914;39;1;2;2;0;0;4;;;;;;;
2;5;31.4387762;0.11908;31.3196962;43;1;2.5;3;7;1;4;;;;;;;
2;6;3.4416509;0.1616738;3.2799771;40;1;2;2;3;0;4;;;;;;;
2;7;4.0303566;0.1286318;3.9017248;40;1;2;2;0;0;4;;;;;;;
2;8;3.4862699;0.1670826;3.3191873;40;1;2;2;4;0;4;;;;;;;
2;9;46.5915904;0.0968046;46.4947858;41;1;2;2;13;0;4;;;;;;;
3;4;5.3432143;0.1247754;5.2184389;40;1;2.5;3;7;1;4;;;;;;;
3;5;4.180297;0.0955133;4.0847837;44;1;3;3;3;0;4;;;;;;;
3;6;12.092357;0.147282;11.945075;41;1;2.5;3;8;1;4;;;;;;;
3;7;7.2650723;0.1257371;7.1393352;41;1;2.5;3;7;1;4;;;;;;;
3;8;36.0557178;0.1465874;35.9091304;41;1;2.5;3;10;1;4;;;;;;;
3;9;6.3788048;0.0802534;6.2985514;42;1;2.5;3;15;1;4;;;;;;;
4;5;8.8388942;0.1221903;8.7167039;40;1;2.5;3;7;1;4;;;;;;;
4;6;1.2422736;0.1461017;1.0961719;37;1;2;2;3;0;4;;;;;;;
4;7;1.1594118;0.117663;1.0417488;37;1;2;2;0;0;4;;;;;;;
4;8;5.8049787;0.1835913;5.6213874;37;1;2;2;4;0;4;;;;;;;
4;9;11.8750459;0.0967651;11.7782808;38;1;2;2;14;0;4;;;;;;;
5;6;13.9060867;0.1530703;13.7530164;41;1;2.5;3;7;1;4;;;;;;;
5;7;14.2001718;0.125278;14.0748938;41;1;2.5;3;7;1;4;;;;;;;
5;8;59.0585828;0.1459086;58.9126742;41;1;2.5;3;9;1;4;;;;;;;
5;9;0.2403502;0.0995309;0.1408193;42;1;2.5;3;11;1;4;;;;;;;
6;7;2.5044954;0.156267;2.3482284;38;1;2;2;3;0;4;;;;;;;
6;8;2.6502099;0.2037435;2.4464664;38;1;2;2;0;0;4;;;;;;;
6;9;25.1118264;0.1137855;24.9980409;39;1;2;2;13;0;4;;;;;;;
7;8;16.7793491;0.1855404;16.5938087;38;1;2;2;4;0;4;;;;;;;
7;9;17.4433341;0.0974576;17.3458765;39;1;2;2;14;0;4;;;;;;;
8;9;128.6204235;NaN;128.6204235;39;1;2;2;NaN;0;4;;;;;;;
0;1;0.2044149;0.0677712;0.1366437;31;1;1;1;0;0;4;;;;;;;
0;2;0.1686409;0.070017;0.0986239;33;1;1;1;0;0;4;;;;;;;
0;3;4.2178579;0.0695748;4.1482831;35;1;1;1;0;0;4;;;;;;;
0;4;2.0870604;0.0828659;2.0041945;31;1;1.5;2;5;1;4;;;;;;;
0;5;0.1610167;0.0690972;0.0919195;28;1;1;1;0;0;4;;;;;;;
0;6;0.4735327;0.0685138;0.4050189;29;1;1;1;0;0;4;;;;;;;
0;7;0.903897;0.0621997;0.8416973;31;1;1;1;0;0;4;;;;;;;
0;8;0.1623159;0.0729493;0.0893666;27;1;1;1;0;0;4;;;;;;;
0;9;0.1900348;0.0558606;0.1341742;32;1;1;1;0;0;4;;;;;;;
1;2;0.1585497;0.0657947;0.092755;30;1;1;1;0;0;4;;;;;;;
1;3;2.057326;0.0635794;1.9937466;32;1;1;1;0;0;4;;;;;;;
1;4;0.554473;0.0770903;0.4773827;28;1;1.5;2;5;1;4;;;;;;;
1;5;0.0913818;0.0626362;0.0287456;25;1;1;1;0;0;4;;;;;;;
1;6;0.1873066;0.0633666;0.12394;26;1;1;1;0;0;4;;;;;;;
1;7;0.275219;0.0576463;0.2175727;28;1;1;1;0;0;4;;;;;;;
1;8;0.0984231;0.0693753;0.0290478;24;1;1;1;0;0;4;;;;;;;
1;9;0.1922158;0.056001;0.1362148;29;1;1;1;0;0;4;;;;;;;
2;3;2.9354202;0.068583;2.8668372;34;1;1;1;0;0;4;;;;;;;
2;4;0.9539832;0.0830931;0.8708901;30;1;1.5;2;5;1;4;;;;;;;
2;5;0.1318476;0.0678761;0.0639715;27;1;1;1;0;0;4;;;;;;;
2;6;0.3990094;0.0680133;0.3309961;28;1;1;1;0;0;4;;;;;;;
2;7;0.5070592;0.0617398;0.4453194;30;1;1;1;0;0;4;;;;;;;
2;8;0.136512;0.07243;0.064082;26;1;1;1;0;0;4;;;;;;;
2;9;0.1677537;0.0554909;0.1122628;31;1;1;1;3;0;4;;;;;;;
3;4;0.1233691;0.0811091;0.04226;32;1;1.5;2;5;1;4;;;;;;;
3;5;1.7296616;0.0636513;1.6660103;29;1;1;1;0;0;4;;;;;;;
3;6;0.0808644;0.0667363;0.0141281;30;1;1;1;0;0;4;;;;;;;
3;7;28.1818321;0.058928;28.1229041;32;1;1;1;0;0;4;;;;;;;
3;8;0.0884819;0.0726505;0.0158314;28;1;1;1;0;0;4;;;;;;;
3;9;6.2089372;0.0586511;6.1502861;33;1;1;1;5;0;4;;;;;;;
4;5;0.206074;0.0774459;0.1286281;25;1;1.5;2;5;1;4;;;;;;;
4;6;0.0969362;0.0800144;0.0169218;26;1;1.5;2;5;1;4;;;;;;;
4;7;1.6292332;0.0462922;1.582941;28;1;1.5;2;5;1;4;;;;;;;
4;8;0.1020497;0.0856021;0.0164476;24;1;1.5;2;5;1;4;;;;;;;
4;9;2.5910121;0.0972501;2.493762;29;1;1.5;2;12;1;4;;;;;;;
5;6;0.1113289;0.062629;0.0486999;23;1;1;1;0;0;4;;;;;;;
5;7;0.1202105;0.0577678;0.0624427;25;1;1;1;0;0;4;;;;;;;
5;8;0.0886913;0.0688139;0.0198774;21;1;1;1;0;0;4;;;;;;;
5;9;0.990749;0.8950076;0.0957414;26;1;1;1;6;0;4;;;;;;;
6;7;0.7133191;0.0583893;0.6549298;26;1;1;1;0;0;4;;;;;;;
6;8;0.0845733;0.0721897;0.0123836;22;1;1;1;0;0;4;;;;;;;
6;9;0.5744688;0.0592999;0.5151689;27;1;1;1;6;0;4;;;;;;;
7;8;0.129048;0.0648656;0.0641824;24;1;1;1;0;0;4;;;;;;;
7;9;1.0532813;0.0688416;0.9844397;29;1;1;1;6;0;4;;;;;;;
8;9;0.1647695;0.0599189;0.1048506;25;1;1;1;7;0;4;;;;;;;
0;1;7.7759543;0.130821;7.6451333;52;1;2;2;1;0;8;;;;;;;
0;2;38.4892364;0.2349277;38.2543087;59;1;2;2;8;0;8;;;;;;;
0;3;5.680533;0.0939884;5.5865446;50;1;1.5;2;3;1;8;;;;;;;
0;4;48.8315136;0.1348211;48.6966925;52;1;2;2;1;0;8;;;;;;;
0;5;9.2976866;0.2342657;9.0634209;56;1;2;2;8;0;8;;;;;;;
0;6;71.2849458;0.2259617;71.0589841;58;1;2;2;6;0;8;;;;;;;
0;7;45.6311483;0.242104;45.3890443;59;1;2;2;8;0;8;;;;;;;
0;8;14.6363279;0.1233237;14.5130042;51;1;2;2;0;0;8;;;;;;;
0;9;6.2654078;0.1335327;6.1318751;52;1;2;2;4;0;8;;;;;;;
1;2;22.873523;0.2422731;22.6312499;61;1;2;2;9;0;8;;;;;;;
1;3;3.6584825;0.1008091;3.5576734;52;1;1.5;2;4;1;8;;;;;;;
1;4;29.3308287;0.1234188;29.2074099;54;1;2;2;0;0;8;;;;;;;
1;5;7.0230034;0.2303193;6.7926841;58;1;2;2;9;0;8;;;;;;;
1;6;44.2058189;0.214596;43.9912229;60;1;2;2;7;0;8;;;;;;;
1;7;24.9918952;0.2289549;24.7629403;61;1;2;2;9;0;8;;;;;;;
1;8;8.9549514;0.137309;8.8176424;53;1;2;2;1;0;8;;;;;;;
1;9;5.9196152;0.1397925;5.7798227;54;1;2;2;4;0;8;;;;;;;
2;3;16.1878759;0.2114162;15.9764597;59;1;1.5;2;5;1;8;;;;;;;
2;4;52.9990811;0.2547771;52.744304;61;1;2;2;9;0;8;;;;;;;
2;5;23.2252428;0.3026019;22.9226409;65;1;2;2;0;0;8;;;;;;;
2;6;60.7555082;0.2940746;60.4614336;67;1;2;2;4;0;8;;;;;;;
2;7;42.0072425;0.3237786;41.6834639;68;1;2;2;0;0;8;;;;;;;
2;8;31.3280388;0.2431514;31.0848874;60;1;2;2;8;0;8;;;;;;;
2;9;36.6687297;0.239431;36.4292987;61;1;2;2;9;0;8;;;;;;;
3;4;20.6752127;0.111053;20.5641597;52;1;1.5;2;4;1;8;;;;;;;
3;5;4.2517765;0.1864786;4.0652979;56;1;1.5;2;5;1;8;;;;;;;
3;6;32.3478123;0.1801483;32.167664;58;1;1.5;2;3;1;8;;;;;;;
3;7;18.2399638;0.2026158;18.037348;59;1;1.5;2;5;1;8;;;;;;;
3;8;6.3917547;0.1073444;6.2844103;51;1;1.5;2;3;1;8;;;;;;;
3;9;4.2055923;0.1384224;4.0671699;52;1;1.5;2;4;1;8;;;;;;;
4;5;37.8236247;0.2330778;37.5905469;58;1;2;2;9;0;8;;;;;;;
4;6;74.4274478;0.220024;74.2074238;60;1;2;2;7;0;8;;;;;;;
4;7;54.4829411;0.2392549;54.2436862;61;1;2;2;9;0;8;;;;;;;
4;8;43.1873842;0.1343514;43.0530328;53;1;2;2;1;0;8;;;;;;;
4;9;43.3022397;0.1390013;43.1632384;54;1;2;2;4;0;8;;;;;;;
5;6;47.9247626;0.2841615;47.6406011;64;1;2;2;4;0;8;;;;;;;
5;7;25.6533671;0.2933022;25.3600649;65;1;2;2;0;0;8;;;;;;;
5;8;11.2785774;0.2281031;11.0504743;57;1;2;2;8;0;8;;;;;;;
5;9;6.1187424;0.2335432;5.8851992;58;1;2;2;9;0;8;;;;;;;
6;7;63.4746195;0.3056403;63.1689792;67;1;2;2;4;0;8;;;;;;;
6;8;53.6371858;0.2247232;53.4124626;59;1;2;2;6;0;8;;;;;;;
6;9;64.007861;0.2515301;63.7563309;60;1;2;2;7;0;8;;;;;;;
7;8;34.8038529;1.0972849;33.706568;60;1;2;2;8;0;8;;;;;;;
7;9;41.5475905;0.2373655;41.310225;61;1;2;2;9;0;8;;;;;;;
8;9;10.5762932;0.1275221;10.4487711;53;1;2;2;4;0;8;;;;;;;
0;1;56.3290488;0.2844773;56.0445715;60;1;2;2;4;0;8;;;;;;;
0;2;8.1263786;0.2792699;7.8471087;56;1;2;2;0;0;8;;;;;;;
0;3;18.3585547;3.6102242;14.7483305;63;1;2.5;3;8;1;8;;;;;;;
0;4;8.9932754;0.3775697;8.6157057;57;1;2;2;0;0;8;;;;;;;
0;5;13.2192397;0.3731598;12.8460799;58;1;2;2;0;0;8;;;;;;;
0;6;31.2177538;0.3041659;30.9135879;58;1;2;2;4;0;8;;;;;;;
0;7;6.6310935;0.3452187;6.2858748;55;1;2;2;0;0;8;;;;;;;
0;8;10.8067204;0.246779;10.5599414;55;1;2;2;0;0;8;;;;;;;
0;9;57.2677312;0.296863;56.9708682;63;1;2;2;4;0;8;;;;;;;
1;2;19.6937155;0.2880819;19.4056336;58;1;2;2;4;0;8;;;;;;;
1;3;28.3720526;4.4831199;23.8889327;65;1;2.5;3;7;1;8;;;;;;;
1;4;34.1770625;0.318561;33.8585015;59;1;2;2;2;0;8;;;;;;;
1;5;47.3722811;0.3215331;47.050748;60;1;2;2;2;0;8;;;;;;;
1;6;33.2183111;0.329188;32.8891231;60;1;2;2;0;0;8;;;;;;;
1;7;19.8020417;0.3442659;19.4577758;57;1;2;2;3;0;8;;;;;;;
1;8;75.8730546;0.2708532;75.6022014;57;1;2;2;4;0;8;;;;;;;
1;9;56.5931673;0.3165836;56.2765837;65;1;2;2;0;0;8;;;;;;;
2;3;4.9263801;3.2792759;1.6471042;61;1;2.5;3;8;1;8;;;;;;;
2;4;7.027508;1.1733122;5.8541958;55;1;2;2;0;0;8;;;;;;;
2;5;10.8427346;0.3130557;10.5296789;56;1;2;2;0;0;8;;;;;;;
2;6;6.847389;0.3023337;6.5450553;56;1;2;2;4;0;8;;;;;;;
2;7;1.358054;0.3193249;1.0387291;53;1;2;2;0;0;8;;;;;;;
2;8;8.7588704;0.2286484;8.530222;53;1;2;2;0;0;8;;;;;;;
2;9;25.9696003;0.2764445;25.6931558;61;1;2;2;4;0;8;;;;;;;
3;4;11.4402663;3.4036752;8.0365911;62;1;2.5;3;8;1;8;;;;;;;
3;5;24.7459324;4.359073;20.3868594;63;1;2.5;3;8;1;8;;;;;;;
3;6;10.9030001;3.7049887;7.1980114;63;1;2.5;3;7;1;8;;;;;;;
3;7;4.2232185;3.2712886;0.9519299;60;1;2.5;3;8;1;8;;;;;;;
3;8;19.0696339;4.1243627;14.9452712;60;1;2.5;3;8;1;8;;;;;;;
3;9;41.0881814;3.7095949;37.3785865;68;1;2.5;3;7;1;8;;;;;;;
4;5;9.0270855;0.3481015;8.678984;57;1;2;2;0;0;8;;;;;;;
4;6;15.4018335;0.3260641;15.0757694;57;1;2;2;2;0;8;;;;;;;
4;7;5.1179571;0.3392062;4.7787509;54;1;2;2;0;0;8;;;;;;;
4;8;10.3798238;0.2799276;10.0998962;54;1;2;2;0;0;8;;;;;;;
4;9;38.2730829;1.1674182;37.1056647;62;1;2;2;2;0;8;;;;;;;
5;6;27.0632049;0.3317176;26.7314873;58;1;2;2;2;0;8;;;;;;;
5;7;9.8500482;0.3399833;9.5100649;55;1;2;2;0;0;8;;;;;;;
5;8;16.825259;0.2952125;16.5300465;55;1;2;2;0;0;8;;;;;;;
5;9;50.3474893;0.3226339;50.0248554;63;1;2;2;2;0;8;;;;;;;
6;7;3.6071874;0.3606305;3.2465569;55;1;2;2;3;0;8;;;;;;;
6;8;31.5489249;0.2938784;31.2550465;55;1;2;2;4;0;8;;;;;;;
6;9;61.5034491;0.3338454;61.1696037;63;1;2;2;0;0;8;;;;;;;
7;8;6.829625;0.2993603;6.5302647;52;1;2;2;0;0;8;;;;;;;
7;9;25.3439221;0.3228409;25.0210812;60;1;2;2;3;0;8;;;;;;;
8;9;78.2341152;0.2481825;77.9859327;60;1;2;2;4;0;8;;;;;;;
0;1;66.2615346;0.1092585;66.1522761;62;1;1.5;2;4;1;8;;;;;;;
0;2;96.5503027;0.2290683;96.3212344;68;1;2;2;9;0;8;;;;;;;
0;3;126.3139731;0.1041923;126.2097808;61;1;1.5;2;4;1;8;;;;;;;
0;4;215.9657412;0.1632654;215.8024758;65;1;2.5;3;3;1;8;;;;;;;
0;5;61.6542292;0.1033032;61.550926;58;1;1.5;2;4;1;8;;;;;;;
0;6;68.8040866;0.1036594;68.7004272;60;1;1.5;2;4;1;8;;;;;;;
0;7;80.6241766;0.1184218;80.5057548;61;1;2;2;0;0;8;;;;;;;
0;8;117.5462399;0.1623594;117.3838805;61;1;2;2;0;0;8;;;;;;;
0;9;165.7971128;0.1271281;165.6699847;60;1;2;2;0;0;8;;;;;;;
1;2;15.6667443;0.2304315;15.4363128;68;1;1.5;2;5;1;8;;;;;;;
1;3;18.8016947;0.0884131;18.7132816;61;1;1;1;0;0;8;;;;;;;
1;4;57.7336589;0.1527438;57.5809151;65;1;2;3;7;1;8;;;;;;;
1;5;3.464385;0.0825448;3.3818402;58;1;1;1;0;0;8;;;;;;;
1;6;8.8394808;0.0840692;8.7554116;60;1;1;1;0;0;8;;;;;;;
1;7;5.7929776;0.1144668;5.6785108;61;1;1.5;2;4;1;8;;;;;;;
1;8;63.216472;0.1196899;63.0967821;61;1;1.5;2;4;1;8;;;;;;;
1;9;66.7460779;0.1179048;66.6281731;60;1;1.5;2;4;1;8;;;;;;;
2;3;42.6594901;0.2030205;42.4564696;67;1;1.5;2;5;1;8;;;;;;;
2;4;78.2233678;NaN;78.2233678;71;1;2.5;3;NaN;1;8;;;;;;;
2;5;10.9189111;0.1903914;10.7285197;64;1;1.5;2;5;1;8;;;;;;;
2;6;18.8364387;0.1962692;18.6401695;66;1;1.5;2;5;1;8;;;;;;;
2;7;14.6161445;0.217204;14.3989405;67;1;2;2;9;0;8;;;;;;;
2;8;88.2874167;0.2261186;88.0612981;67;1;2;2;9;0;8;;;;;;;
2;9;99.4621012;0.2502533;99.2118479;66;1;2;2;9;0;8;;;;;;;
3;4;108.5792656;0.1517106;108.427555;64;1;2;3;7;1;8;;;;;;;
3;5;17.3749454;0.0793965;17.2955489;57;1;1;1;0;0;8;;;;;;;
3;6;23.2953138;0.0811996;23.2141142;59;1;1;1;0;0;8;;;;;;;
3;7;33.0656629;0.1105713;32.9550916;60;1;1.5;2;4;1;8;;;;;;;
3;8;113.4611642;0.1139885;113.3471757;60;1;1.5;2;4;1;8;;;;;;;
3;9;125.0863883;0.1160958;124.9702925;59;1;1.5;2;4;1;8;;;;;;;
4;5;51.0415897;0.1382435;50.9033462;61;1;2;3;7;1;8;;;;;;;
4;6;63.0824235;0.1484008;62.9340227;63;1;2;3;7;1;8;;;;;;;
4;7;68.845956;1.5955598;67.2503962;64;1;2.5;3;3;1;8;;;;;;;
4;8;173.2479781;0.1520164;173.0959617;64;1;2.5;3;3;1;8;;;;;;;
4;9;209.742827;0.1688618;209.5739652;63;1;2.5;3;3;1;8;;;;;;;
5;6;6.7304047;0.0766426;6.6537621;56;1;1;1;0;0;8;;;;;;;
5;7;2.0995561;0.103004;1.9965521;57;1;1.5;2;4;1;8;;;;;;;
5;8;57.9598554;0.1077165;57.8521389;57;1;1.5;2;4;1;8;;;;;;;
5;9;60.7412538;0.1105939;60.6306599;56;1;1.5;2;4;1;8;;;;;;;
6;7;9.809314;0.1049133;9.7044007;59;1;1.5;2;4;1;8;;;;;;;
6;8;60.7970206;0.1146006;60.68242;59;1;1.5;2;4;1;8;;;;;;;
6;9;68.926163;0.1158101;68.8103529;58;1;1.5;2;4;1;8;;;;;;;
7;8;78.417889;0.1126101;78.3052789;60;1;2;2;0;0;8;;;;;;;
7;9;82.6156628;0.1167541;82.4989087;59;1;2;2;0;0;8;;;;;;;
8;9;118.8963268;0.1213841;118.7749427;59;1;2;2;0;0;8;;;;;;;
0;1;74.0390551;0.3189296;73.7201255;63;1;3;3;2;0;8;;;;;;;
0;2;10.2136019;1.0952193;9.1183826;57;1;3;3;0;0;8;;;;;;;
0;3;19.4027259;0.3357805;19.0669454;60;1;3;3;2;0;8;;;;;;;
0;4;0.7372164;0.2477864;0.48943;58;1;3;3;0;0;8;;;;;;;
0;5;39.3370004;0.3999485;38.9370519;61;1;3;3;2;0;8;;;;;;;
0;6;28.5432875;0.3413024;28.2019851;61;1;3;3;2;0;8;;;;;;;
0;7;198.7485456;0.3657308;198.3828148;57;1;3;3;2;0;8;;;;;;;
0;8;1.1694845;0.2897178;0.8797667;57;1;3;3;5;0;8;;;;;;;
0;9;62.7948369;0.3215305;62.4733064;59;1;3;3;5;0;8;;;;;;;
1;2;111.4518912;0.3391575;111.1127337;64;1;3;3;4;0;8;;;;;;;
1;3;89.3354774;0.41341;88.9220674;67;1;3;3;0;0;8;;;;;;;
1;4;105.385758;0.3142029;105.0715551;65;1;3;3;3;0;8;;;;;;;
1;5;107.7969295;0.5220347;107.2748948;68;1;3;3;0;0;8;;;;;;;
1;6;99.0427906;0.419352;98.6234386;68;1;3;3;0;0;8;;;;;;;
1;7;265.6716843;0.4745007;265.1971836;64;1;3;3;0;0;8;;;;;;;
1;8;140.0239345;0.3278079;139.6961266;64;1;3;3;9;0;8;;;;;;;
1;9;67.6547866;0.3905681;67.2642185;66;1;3;3;7;0;8;;;;;;;
2;3;31.7327558;0.2795689;31.4531869;61;1;3;3;4;0;8;;;;;;;
2;4;12.0940824;0.2675686;11.8265138;59;1;3;3;0;0;8;;;;;;;
2;5;58.4471427;0.3557801;58.0913626;62;1;3;3;4;0;8;;;;;;;
2;6;43.0001219;0.2889927;42.7111292;62;1;3;3;4;0;8;;;;;;;
2;7;247.5853411;0.3451833;247.2401578;58;1;3;3;4;0;8;;;;;;;
2;8;15.6554272;0.185409;15.4700182;58;1;3;3;5;0;8;;;;;;;
2;9;88.7196972;0.3474623;88.3722349;60;1;3;3;7;0;8;;;;;;;
3;4;28.3126184;0.3813625;27.9312559;62;1;3;3;3;0;8;;;;;;;
3;5;54.9814739;0.5012276;54.4802463;65;1;3;3;0;0;8;;;;;;;
3;6;45.0134811;0.4446632;44.5688179;65;1;3;3;0;0;8;;;;;;;
3;7;218.4998787;0.4817048;218.0181739;61;1;3;3;0;0;8;;;;;;;
3;8;35.6908584;0.3069056;35.3839528;61;1;3;3;7;0;8;;;;;;;
3;9;60.9985718;0.4228229;60.5757489;63;1;3;3;7;0;8;;;;;;;
4;5;53.431142;0.4550992;52.9760428;63;1;3;3;3;0;8;;;;;;;
4;6;43.8895572;0.3794911;43.5100661;63;1;3;3;3;0;8;;;;;;;
4;7;265.5218628;0.3518726;265.1699902;59;1;3;3;3;0;8;;;;;;;
4;8;0.7292901;0.218724;0.5105661;59;1;3;3;5;0;8;;;;;;;
4;9;87.2054835;0.3107797;86.8947038;61;1;3;3;6;0;8;;;;;;;
5;6;65.9409815;0.5095474;65.4314341;66;1;3;3;0;0;8;;;;;;;
5;7;232.1488103;0.6727724;231.4760379;62;1;3;3;0;0;8;;;;;;;
5;8;75.4498537;0.3765354;75.0733183;62;1;3;3;8;0;8;;;;;;;
5;9;64.3149739;1.4052825;62.9096914;64;1;3;3;7;0;8;;;;;;;
6;7;242.2205328;0.477117;241.7434158;62;1;3;3;0;0;8;;;;;;;
6;8;53.3340639;0.3063399;53.027724;62;1;3;3;7;0;8;;;;;;;
6;9;63.1087614;0.4411239;62.6676375;64;1;3;3;7;0;8;;;;;;;
7;8;390.672982;0.3370141;390.3359679;58;1;3;3;10;0;8;;;;;;;
7;9;66.2564025;0.4679615;65.788441;60;1;3;3;7;0;8;;;;;;;
8;9;114.5222377;0.2742653;114.2479724;60;1;3;3;10;0;8;;;;;;;
0;1;0.6573129;0.2439784;0.4133345;54;1;1;1;0;0;8;;;;;;;
0;2;6.6366607;0.2408319;6.3958288;56;1;1;1;0;0;8;;;;;;;
0;3;3.1316751;0.2802329;2.8514422;52;1;1.5;2;5;1;8;;;;;;;
0;4;0.5993281;0.2448028;0.3545253;49;1;1;1;0;0;8;;;;;;;
0;5;1.0067231;0.246811;0.7599121;50;1;1;1;0;0;8;;;;;;;
0;6;1.5100606;0.2268948;1.2831658;52;1;1;1;0;0;8;;;;;;;
0;7;0.6143121;0.2690859;0.3452262;50;1;1;1;0;0;8;;;;;;;
0;8;0.710205;0.2101682;0.5000368;53;1;1;1;0;0;8;;;;;;;
0;9;0.571514;0.2358251;0.3356889;51;1;1;1;0;0;8;;;;;;;
1;2;7.4211292;0.2495336;7.1715956;58;1;1;1;0;0;8;;;;;;;
1;3;3.448741;0.2863237;3.1624173;54;1;1.5;2;5;1;8;;;;;;;
1;4;0.598315;0.2511944;0.3471206;51;1;1;1;0;0;8;;;;;;;
1;5;1.1780186;0.2524793;0.9255393;52;1;1;1;0;0;8;;;;;;;
1;6;1.7105717;0.2328117;1.47776;54;1;1;1;0;0;8;;;;;;;
1;7;0.6208499;0.2762273;0.3446226;52;1;1;1;0;0;8;;;;;;;
1;8;0.6531816;0.2150997;0.4380819;55;1;1;1;0;0;8;;;;;;;
1;9;0.6218609;0.2418236;0.3800373;53;1;1;1;0;0;8;;;;;;;
2;3;8.669677;0.2780026;8.3916744;56;1;1.5;2;5;1;8;;;;;;;
2;4;6.2236318;0.2504096;5.9732222;53;1;1;1;0;0;8;;;;;;;
2;5;4.8997609;0.2465454;4.6532155;54;1;1;1;0;0;8;;;;;;;
2;6;33.3645203;0.2277217;33.1367986;56;1;1;1;0;0;8;;;;;;;
2;7;4.6118464;0.2709715;4.3408749;54;1;1;1;0;0;8;;;;;;;
2;8;10.6600843;0.2120616;10.4480227;57;1;1;1;0;0;8;;;;;;;
2;9;5.3050333;0.2387631;5.0662702;55;1;1;1;0;0;8;;;;;;;
3;4;3.5409506;0.2778;3.2631506;49;1;1.5;2;5;1;8;;;;;;;
3;5;3.050477;0.2781554;2.7723216;50;1;1.5;2;5;1;8;;;;;;;
3;6;5.2370392;0.2625962;4.974443;52;1;1.5;2;5;1;8;;;;;;;
3;7;2.6013541;0.307228;2.2941261;50;1;1.5;2;5;1;8;;;;;;;
3;8;5.0790052;0.2516198;4.8273854;53;1;1.5;2;5;1;8;;;;;;;
3;9;1.9306204;0.2737589;1.6568615;51;1;1.5;2;5;1;8;;;;;;;
4;5;0.8813401;0.2478034;0.6335367;47;1;1;1;0;0;8;;;;;;;
4;6;1.3206275;0.2306272;1.0900003;49;1;1;1;0;0;8;;;;;;;
4;7;0.5680365;0.2737931;0.2942434;47;1;1;1;0;0;8;;;;;;;
4;8;0.639884;0.2178826;0.4220014;50;1;1;1;0;0;8;;;;;;;
4;9;0.5546428;0.2455312;0.3091116;48;1;1;1;0;0;8;;;;;;;
5;6;2.2306443;0.2323328;1.9983115;50;1;1;1;0;0;8;;;;;;;
5;7;0.8733496;0.2718034;0.6015462;48;1;1;1;0;0;8;;;;;;;
5;8;1.3644287;0.2150944;1.1493343;51;1;1;1;0;0;8;;;;;;;
5;9;0.9100699;0.2445314;0.6655385;49;1;1;1;0;0;8;;;;;;;
6;7;1.3528488;0.2626021;1.0902467;50;1;1;1;0;0;8;;;;;;;
6;8;2.2739771;0.2002899;2.0736872;53;1;1;1;0;0;8;;;;;;;
6;9;1.0951588;0.2245457;0.8706131;51;1;1;1;0;0;8;;;;;;;
7;8;0.6676665;0.2404729;0.4271936;51;1;1;1;0;0;8;;;;;;;
7;9;0.5768692;0.2670893;0.3097799;49;1;1;1;0;0;8;;;;;;;
8;9;0.6691978;0.2092384;0.4599594;52;1;1;1;0;0;8;;;;;;;
