Variant i,Variant j,Total Time,Summarization Time,Mapping Time,Number of Events,Average Number of Application,Average Number of Offer,Largest Type Object Set,Cost,Lane Optionality
0,1,14.611297399999998,2.1875237,12.423773699999998,30,1.0,1.5,2,12,1
0,2,1.5372456999999855,0.3103371999999922,1.2269084999999933,30,1.0,1.0,1,7,0
0,3,0.19298260000000766,0.159498499999998,0.033484100000009676,22,1.0,1.0,1,15,0
0,4,10.571988099999999,0.021733900000000972,10.550254199999998,34,1.0,1.0,1,3,0
0,5,2.8464343999999926,1.2824315000000013,1.5640028999999913,27,1.0,1.0,1,12,0
0,6,18.343354199999993,1.1372968999999955,17.206057299999998,32,1.0,1.5,2,9,1
0,7,12.552110599999992,0.05121330000000057,12.500897299999991,32,1.0,1.0,1,4,0
0,8,2.4169403000000216,1.234782000000024,1.1821582999999976,25,1.0,1.0,1,14,0
0,9,6.2438576000000126,0.14635069999999928,6.097506900000013,28,1.0,1.0,1,8,0
0,10,0.3375895000000071,0.03602879999999686,0.30156070000001023,26,1.0,1.0,1,7,0
0,11,21.088362999999987,5.496557699999983,15.591805300000004,28,1.0,1.5,2,17,1
0,12,4.6182503,0.051787799999999606,4.5664625,30,1.0,1.5,2,8,1
0,13,20.66105520000002,5.403632900000019,15.257422300000002,28,1.0,1.5,2,17,1
0,14,1.4911918999999898,0.021065300000003617,1.4701265999999862,30,1.0,1.0,1,3,0
0,15,8.870747099999988,1.3792554999999993,7.491491599999989,33,1.0,1.5,2,12,1
0,16,3.8303140000000155,0.528177200000016,3.3021367999999995,29,1.0,1.0,1,7,0
0,17,0.047380300000014586,0.03634089999999901,0.011039400000015576,26,1.0,1.0,1,7,0
0,18,30.91675520000001,5.420167100000015,25.496588099999997,31,1.0,1.0,1,9,0
0,19,35.349030700000014,3.038085599999988,32.310945100000026,35,1.0,1.5,2,10,1
0,20,5.208444799999995,1.938540899999964,3.269903900000031,31,1.0,1.5,2,15,1
0,21,21.458632499999965,0.6553602999999839,20.80327219999998,32,1.0,1.0,1,6,0
0,22,1.5416091999999253,0.029103799999973035,1.5125053999999523,31,1.0,1.0,1,5,0
0,23,5.345316099999991,0.023302000000001044,5.32201409999999,31,1.0,1.0,1,3,0
0,24,2.2406985000000645,1.125920600000029,1.1147779000000355,25,1.0,1.0,1,14,0
0,25,6.853662600000007,0.9470589000000018,5.906603700000005,31,1.0,1.5,2,10,1
0,26,21.992224299999975,2.552491900000007,19.43973239999997,30,1.0,1.5,2,12,1
0,27,19.091214400000013,1.7266987000000427,17.36451569999997,34,1.0,1.5,2,10,1
0,28,2.2253742999999986,1.1175149000000033,1.1078593999999953,25,1.0,1.0,1,13,0
0,29,2.031438900000012,2.0067505999999753,0.024688300000036634,27,1.0,1.5,2,15,1
0,30,7.186822600000028,2.625067999999999,4.561754600000029,28,1.0,1.0,1,12,0
0,31,7.660978000000057,0.9775404000000094,6.6834376000000475,31,1.0,1.5,2,10,1
0,32,1.3972717999999986,0.01764539999999215,1.3796264000000065,32,1.0,1.0,1,2,0
0,33,20.74092580000007,5.3555165000000216,15.385409300000049,28,1.0,1.5,2,17,1
0,34,14.893806900000016,3.954973999999993,10.938832900000023,28,1.0,1.0,1,12,0
0,35,32.530079299999954,2.159279099999992,30.370800199999962,34,1.0,1.5,2,10,1
0,36,7.44965289999999,3.046369700000014,4.403283199999976,29,1.0,1.5,2,16,1
0,37,24.635062500000004,1.7266750000000002,22.908387500000003,33,1.0,1.5,2,11,1
0,38,4.7907334999999875,1.8357780000000048,2.9549554999999827,30,1.0,1.5,2,16,1
0,39,29.50979499999994,3.202387799999997,26.307407199999943,35,1.0,1.5,2,10,1
0,40,5.6813938000000235,1.8346013000000312,3.8467924999999923,30,1.0,1.0,1,9,0
0,41,10.435967800000071,1.500410200000033,8.935557600000038,32,1.0,1.5,2,13,1
0,42,0.7572986000001265,0.4575491000000511,0.2997495000000754,24,1.0,1.0,1,12,0
0,43,96.34225419999996,14.53221880000001,81.81003539999995,29,1.0,1.5,2,18,1
0,44,8.50698090000003,2.3631472000000713,6.143833699999959,29,1.0,1.0,1,9,0
0,45,16.459569399999964,3.3293919999999844,13.13017739999998,35,1.0,1.5,2,9,1
0,46,4.634581999999909,1.5881488999999647,3.0464330999999447,28,1.0,1.0,1,10,0
0,47,18.287317099999996,1.1191360999999915,17.168181000000004,32,1.0,1.5,2,11,1
0,48,0.7082020999999941,0.6970638000000235,0.011138299999970513,26,1.0,1.0,1,10,0
0,49,16.87254910000013,1.5835062000001017,15.289042900000027,33,1.0,1.5,2,12,1
1,2,4.404098399999953,0.7300144999999247,3.674083900000028,28,1.0,1.5,2,9,1
1,3,0.07153790000006666,0.04659900000001471,0.024938900000051945,20,1.0,1.5,2,14,1
1,4,6.504433600000084,6.470903900000053,0.03352970000003097,32,1.0,1.5,2,11,1
1,5,0.08158550000007381,0.0673780000000761,0.014207499999997708,25,1.0,1.5,2,8,1
1,6,0.5297481000000062,0.03469749999999294,0.4950506000000132,30,1.0,2.0,2,4,0
1,7,3.090511699999979,1.8697012000000086,1.2208104999999705,30,1.0,1.5,2,11,1
1,8,0.11724139999989802,0.10343569999997726,0.013805699999920762,23,1.0,1.5,2,12,1
1,9,0.2627155999999786,0.17299070000001393,0.08972489999996469,26,1.0,1.5,2,8,1
1,10,0.06916590000002998,0.055030600000009144,0.014135300000020834,24,1.0,1.5,2,6,1
1,11,0.1432020999999395,0.12285980000001473,0.020342299999924762,26,1.0,2.0,2,15,0
1,12,2.645651500000099,0.4170546000000286,2.2285969000000705,28,1.0,2.0,2,7,0
1,13,0.12928980000015144,0.10948240000004716,0.01980740000010428,26,1.0,2.0,2,14,0
1,14,0.5428487000000359,0.48996520000002874,0.05288350000000719,28,1.0,1.5,2,9,1
1,15,6.565675599999963,0.08607159999996838,6.479603999999995,31,1.0,2.0,2,8,0
1,16,0.4021804000000202,0.260153100000025,0.1420272999999952,27,1.0,1.5,2,8,1
1,17,0.1098107999999911,0.04797269999994569,0.061838100000045415,24,1.0,1.5,2,8,1
1,18,1.6184922999999571,0.5285281000000168,1.0899641999999403,29,1.0,1.5,2,12,1
1,19,0.2732749000000467,0.24877190000006522,0.024502999999981512,33,1.0,2.0,2,7,0
1,20,6.685635900000079,1.3401049000000285,5.345531000000051,29,1.0,2.0,2,17,0
1,21,2.962158000000045,1.529445600000031,1.432712400000014,30,1.0,1.5,2,10,1
1,22,12.034532899999931,1.5554266999999982,10.479106199999933,29,1.0,1.5,2,10,1
1,23,1.3363057000000254,0.773539000000028,0.5627666999999974,29,1.0,1.5,2,10,1
1,24,0.06954659999996693,0.05587869999999384,0.013667899999973088,23,1.0,1.5,2,10,1
1,25,0.08416970000007495,0.03467780000005405,0.049491900000020905,29,1.0,2.0,2,3,0
1,26,0.18176660000005995,0.02850279999995564,0.1532638000001043,28,1.0,2.0,2,3,0
1,27,1.1190760999999156,0.08357259999991129,1.0355035000000044,32,1.0,2.0,2,9,0
1,28,0.10366069999997762,0.0904700999999477,0.013190600000029917,23,1.0,1.5,2,10,1
1,29,0.30657479999990755,0.0774888999999348,0.22908589999997275,25,1.0,2.0,2,16,0
1,30,0.37959030000001803,0.3646073999999544,0.014982900000063637,26,1.0,1.5,2,9,1
1,31,3.157755400000042,0.028018399999950816,3.129737000000091,29,1.0,2.0,2,3,0
1,32,20.73629440000002,2.4412055000000237,18.295088899999996,30,1.0,1.5,2,11,1
1,33,0.12822600000004059,0.10886300000004212,0.019362999999998465,26,1.0,2.0,2,14,0
1,34,0.6120051999999987,0.4143430999999964,0.19766210000000228,26,1.0,1.5,2,12,1
1,35,1.721249299999954,0.09285260000001472,1.6283966999999393,32,1.0,2.0,2,8,0
1,36,1.181844799999908,0.344774599999937,0.837070199999971,27,1.0,2.0,2,17,0
1,37,1.1087022000000388,0.10324769999999717,1.0054545000000417,31,1.0,2.0,2,7,0
1,38,2.172179799999981,0.21965539999996508,1.9525244000000157,28,1.0,2.0,2,15,0
1,39,0.09233369999992647,0.05766099999993912,0.034672699999987344,33,1.0,2.0,2,8,0
1,40,1.361159100000009,1.3430369000000155,0.018122199999993427,28,1.0,1.5,2,10,1
1,41,3.444755299999997,0.1591012999999748,3.2856540000000223,30,1.0,2.0,2,9,0
1,42,0.05566529999998693,0.04229829999997037,0.01336700000001656,22,1.0,1.5,2,10,1
1,43,0.5801062000001593,0.20244850000005954,0.3776577000000998,27,1.0,2.0,2,15,0
1,44,0.8846795000000611,0.6207861000000321,0.26389340000002903,27,1.0,1.5,2,11,1
1,45,1.9237189000000399,0.05556560000002264,1.8681533000000172,33,1.0,2.0,2,9,0
1,46,0.5004597000000786,0.3708718000000317,0.12958790000004683,26,1.0,1.5,2,11,1
1,47,0.562077600000066,0.0470665000000281,0.5150111000000379,30,1.0,2.0,2,6,0
1,48,0.22453189999998813,0.11996329999999489,0.10456859999999324,24,1.0,1.5,2,12,1
1,49,0.06682899999987058,0.040474299999914365,0.02635469999995621,31,1.0,2.0,2,5,0
2,3,0.09879169999999249,0.08846180000000459,0.010329899999987902,20,1.0,1.0,1,13,0
2,4,10.972178299999996,1.5440750000000207,9.428103299999975,32,1.0,1.0,1,7,0
2,5,1.4431495999999697,0.57518570000002,0.8679638999999497,25,1.0,1.0,1,10,0
2,6,8.569158399999992,1.0008477000000084,7.568310699999984,30,1.0,1.5,2,10,1
2,7,8.06375550000007,1.2883534000000054,6.775402100000065,30,1.0,1.0,1,7,0
2,8,0.9963588000000527,0.46884910000005675,0.527509699999996,23,1.0,1.0,1,13,0
2,9,1.3743950000000495,0.38675539999997,0.9876396000000796,26,1.0,1.0,1,8,0
2,10,0.25383160000001226,0.09995979999996507,0.1538718000000472,24,1.0,1.0,1,7,0
2,11,6.65754400000003,1.719395400000053,4.938148599999977,26,1.0,1.5,2,15,1
2,12,1.0457800000000361,0.6944333000000142,0.3513467000000219,28,1.0,1.5,2,7,1
2,13,6.638023999999973,1.6937189999999873,4.944304999999986,26,1.0,1.5,2,15,1
2,14,1.373352700000055,0.29988809999997557,1.0734646000000794,28,1.0,1.0,1,5,0
2,15,0.9460642000000234,0.9168250999999827,0.029239100000040708,31,1.0,1.5,2,10,1
2,16,1.2118962999999212,0.022096499999975094,1.1897997999999461,27,1.0,1.0,1,6,0
2,17,0.16230669999993097,0.07153589999995802,0.09077079999997295,24,1.0,1.0,1,6,0
2,18,14.059656000000018,2.9894541999999547,11.070201800000063,29,1.0,1.0,1,10,0
2,19,32.03773259999991,3.3463799999999537,28.69135259999996,33,1.0,1.5,2,11,1
2,20,1.243916800000079,1.2209704000000556,0.02294640000002346,29,1.0,1.5,2,13,1
2,21,11.53528039999992,0.019846400000005815,11.515433999999914,30,1.0,1.0,1,5,0
2,22,0.5206230000000005,0.5082873000000063,0.012335699999994176,29,1.0,1.0,1,4,0
2,23,3.2858642999999574,0.5654637000000093,2.720400599999948,29,1.0,1.0,1,6,0
2,24,0.9330304999999726,0.4405441999999766,0.49248629999999594,23,1.0,1.0,1,10,0
2,25,4.181922699999973,0.6723323999999593,3.5095903000000135,29,1.0,1.5,2,8,1
2,26,4.526215099999945,0.7251158999999916,3.8010991999999533,28,1.0,1.5,2,11,1
2,27,11.047521999999958,1.4739668999999367,9.573555100000021,32,1.0,1.5,2,11,1
2,28,0.9428367999998954,0.4467317999999523,0.4961049999999432,23,1.0,1.0,1,11,0
2,29,1.8286514999999781,0.6219007999999349,1.2067507000000433,25,1.0,1.5,2,16,1
2,30,3.2606953999999178,1.1233325999999124,2.1373628000000053,26,1.0,1.0,1,10,0
2,31,0.5693938000000571,0.5534844000000021,0.01590940000005503,29,1.0,1.5,2,7,1
2,32,0.34271720000003825,0.33073369999999613,0.011983500000042113,30,1.0,1.0,1,5,0
2,33,6.638263100000131,1.681607500000041,4.95665560000009,26,1.0,1.5,2,15,1
2,34,4.112279700000045,1.2997746000000916,2.812505099999953,26,1.0,1.0,1,12,0
2,35,19.22693030000005,1.922384500000021,17.304545800000028,32,1.0,1.5,2,11,1
2,36,0.3670084999999972,0.34154420000004393,0.025464299999953255,27,1.0,1.5,2,13,1
2,37,17.2145698999999,1.9002048999999488,15.314364999999952,31,1.0,1.5,2,10,1
2,38,1.0233562000000802,1.0022185000000263,0.021137700000053883,28,1.0,1.5,2,13,1
2,39,11.590954899999929,2.1039382999999816,9.487016599999947,33,1.0,1.5,2,10,1
2,40,4.731798599999934,1.3531606000000238,3.37863799999991,28,1.0,1.0,1,7,0
2,41,0.5933643999999276,0.5768601999999419,0.016504199999985758,30,1.0,1.5,2,9,1
2,42,0.37249870000005103,0.2149947999999995,0.15750390000005154,22,1.0,1.0,1,12,0
2,43,24.24175520000017,4.150455500000135,20.091299700000036,27,1.0,1.5,2,16,1
2,44,2.1277250999996795,0.3240438999998787,1.8036811999998008,27,1.0,1.0,1,10,0
2,45,12.350803199999973,1.8991558000000168,10.451647399999956,33,1.0,1.5,2,12,1
2,46,1.8721297000001869,0.7130719000001591,1.1590578000000278,26,1.0,1.0,1,11,0
2,47,8.557795100000021,0.9904289999999492,7.567366100000072,30,1.0,1.5,2,12,1
2,48,0.32729010000002745,0.10114139999996041,0.22614870000006704,24,1.0,1.0,1,11,0
2,49,6.501428400000123,1.0044502000000648,5.496978200000058,31,1.0,1.5,2,10,1
3,4,0.336195699999962,0.2909099000000879,0.04528579999987414,24,1.0,1.0,1,17,0
3,5,0.03532350000000406,0.02378040000007786,0.011543099999926199,17,1.0,1.0,1,8,0
3,6,0.14191929999969943,0.07777919999989535,0.06414009999980408,22,1.0,1.5,2,16,1
3,7,0.195939300000191,0.13952740000013364,0.05641190000005736,22,1.0,1.0,1,15,0
3,8,0.028546100000085062,0.019531299999925977,0.009014800000159084,15,1.0,1.0,1,5,0
3,9,0.071008799999845,0.04521249999993415,0.025796299999910843,18,1.0,1.0,1,11,0
3,10,0.04041430000006585,0.029784999999947104,0.010629300000118747,16,1.0,1.0,1,9,0
3,11,0.04851020000000972,0.03222679999998945,0.016283400000020265,18,1.0,1.5,2,12,1
3,12,0.08822340000006079,0.07456640000009429,0.013656999999966501,20,1.0,1.5,2,14,1
3,13,0.06390479999981835,0.04348629999981313,0.020418500000005224,18,1.0,1.5,2,11,1
3,14,0.10471460000007937,0.08222539999997025,0.022489200000109122,20,1.0,1.0,1,13,0
3,15,0.09978169999999409,0.08416620000002695,0.015615499999967142,23,1.0,1.5,2,17,1
3,16,0.08561109999982364,0.05752049999978226,0.028090600000041377,19,1.0,1.0,1,12,0
3,17,0.04001560000006066,0.029567900000074587,0.010447699999986071,16,1.0,1.0,1,9,0
3,18,0.12526849999994738,0.06740439999998671,0.05786409999996067,21,1.0,1.0,1,12,0
3,19,0.25881489999983387,0.19311999999990803,0.06569489999992584,25,1.0,1.5,2,19,1
3,20,0.09972700000002988,0.08503749999999854,0.01468950000003133,21,1.0,1.5,2,18,1
3,21,0.20843599999989237,0.13005649999990965,0.07837949999998273,22,1.0,1.0,1,15,0
3,22,0.13604739999982485,0.12507149999987632,0.010975899999948524,21,1.0,1.0,1,14,0
3,23,0.1466402000000926,0.10222930000009,0.044410900000002584,21,1.0,1.0,1,14,0
3,24,0.028796999999940454,0.0193775000000187,0.009419499999921754,15,1.0,1.0,1,6,0
3,25,0.09635720000005676,0.06484410000007301,0.03151309999998375,21,1.0,1.5,2,15,1
3,26,0.08661630000005971,0.04823480000004565,0.03838150000001406,20,1.0,1.5,2,14,1
3,27,0.1768424999997933,0.09502249999991363,0.08181999999987966,24,1.0,1.5,2,18,1
3,28,0.03752420000000711,0.028468199999906574,0.00905600000010054,15,1.0,1.0,1,7,0
3,29,0.05332929999985936,0.03659930000003442,0.01672999999982494,17,1.0,1.5,2,10,1
3,30,0.06215250000013839,0.047704000000067026,0.014448500000071363,18,1.0,1.0,1,12,0
3,31,0.07998550000002069,0.06570469999996931,0.014280800000051386,21,1.0,1.5,2,15,1
3,32,0.18521230000010291,0.17345240000008744,0.011759900000015477,22,1.0,1.0,1,15,0
3,33,0.048735399999941365,0.031227299999954994,0.01750809999998637,18,1.0,1.5,2,12,1
3,34,0.07494309999992765,0.04929979999997158,0.02564329999995607,18,1.0,1.0,1,12,0
3,35,0.2403489000000718,0.13907700000004297,0.10127190000002884,24,1.0,1.5,2,18,1
3,36,0.06798009999988608,0.054964499999869076,0.013015600000017002,19,1.0,1.5,2,16,1
3,37,0.183447200000046,0.10275339999998323,0.08069380000006277,23,1.0,1.5,2,17,1
3,38,0.05960419999973965,0.04595019999987926,0.013653999999860389,20,1.0,1.5,2,13,1
3,39,0.2010605000000396,0.14629379999996672,0.05476670000007289,25,1.0,1.5,2,19,1
3,40,0.10532489999991412,0.08441899999979796,0.020905900000116162,20,1.0,1.0,1,14,0
3,41,0.08211499999993066,0.06734619999997449,0.014768799999956173,22,1.0,1.5,2,16,1
3,42,0.027607600000237653,0.018814700000120865,0.008792900000116788,14,1.0,1.0,1,5,0
3,43,0.06279189999986556,0.035826999999926556,0.026964899999939007,19,1.0,1.5,2,13,1
3,44,0.08837979999998424,0.06085080000002563,0.027528999999958614,19,1.0,1.0,1,13,0
3,45,0.2320466999999553,0.13159429999996064,0.10045239999999467,25,1.0,1.5,2,19,1
3,46,0.07015239999986989,0.04883040000004257,0.021321999999827312,18,1.0,1.0,1,12,0
3,47,0.13925760000006449,0.0748438000000533,0.06441380000001118,22,1.0,1.5,2,16,1
3,48,0.04499049999981253,0.03424249999989115,0.010747999999921376,16,1.0,1.0,1,10,0
3,49,0.11917169999992439,0.08248490000005404,0.036686799999870345,23,1.0,1.5,2,17,1
4,5,3.143051900000046,3.1313224000000446,0.01172950000000128,29,1.0,1.0,1,11,0
4,6,10.977149000000054,3.561216300000069,7.415932699999985,34,1.0,1.5,2,11,1
4,7,2.8568865000002006,0.046665200000006735,2.810221300000194,34,1.0,1.0,1,4,0
4,8,2.3522669999999835,2.3389938000000257,0.013273199999957797,27,1.0,1.0,1,14,0
4,9,1.7357753999999659,0.4635203000000274,1.2722550999999385,30,1.0,1.0,1,10,0
4,10,0.09994299999993927,0.08665240000004815,0.013290599999891128,28,1.0,1.0,1,8,0
4,11,12.947632200000044,12.917463100000077,0.03016909999996642,30,1.0,1.5,2,16,1
4,12,12.626558100000011,0.19688139999993837,12.429676700000073,32,1.0,1.5,2,10,1
4,13,12.764627999999902,12.734035400000039,0.030592599999863523,30,1.0,1.5,2,16,1
4,14,0.06863849999990634,0.030682099999921775,0.03795639999998457,32,1.0,1.0,1,4,0
4,15,53.51810149999983,5.207037799999853,48.31106369999998,35,1.0,1.5,2,11,1
4,16,2.5762002000001303,1.368121599999995,1.2080786000001353,31,1.0,1.0,1,9,0
4,17,0.5404211999998552,0.07226650000006885,0.4681546999997863,28,1.0,1.0,1,10,0
4,18,17.769102199999907,11.085232299999916,6.683869899999991,33,1.0,1.0,1,11,0
4,19,13.038613499999883,13.014135799999849,0.02447770000003402,37,1.0,1.5,2,8,1
4,20,21.535262000000102,5.771672500000022,15.76358950000008,33,1.0,1.5,2,15,1
4,21,9.546145199999955,2.7192348000000948,6.826910399999861,34,1.0,1.0,1,8,0
4,22,10.222093300000097,0.02929149999999936,10.192801800000098,33,1.0,1.0,1,3,0
4,23,1.1145364000001337,0.04278399999998328,1.0717524000001504,33,1.0,1.0,1,5,0
4,24,2.314239599999837,2.302856299999803,0.011383300000034069,27,1.0,1.0,1,13,0
4,25,2.680156800000077,2.492921199999955,0.18723560000012185,33,1.0,1.5,2,10,1
4,26,15.637161800000058,6.382770599999958,9.2543912000001,32,1.0,1.5,2,13,1
4,27,15.945757400000048,5.91345780000006,10.032299599999988,36,1.0,1.5,2,12,1
4,28,2.290531299999884,2.279253400000016,0.011277899999868168,27,1.0,1.0,1,12,0
4,29,13.008383999999978,4.229337799999939,8.779046200000039,29,1.0,1.5,2,18,1
4,30,6.705950199999961,6.692800900000066,0.013149299999895447,30,1.0,1.0,1,11,0
4,31,47.4688986000001,4.240913000000091,43.22798560000001,33,1.0,1.5,2,10,1
4,32,13.036650400000099,0.020328900000095018,13.016321500000004,34,1.0,1.0,1,2,0
4,33,12.728006199999982,12.697564000000057,0.030442199999924924,30,1.0,1.5,2,16,1
4,34,11.9706592,8.66409079999994,3.30656840000006,30,1.0,1.0,1,14,0
4,35,18.038660199999867,7.653634199999942,10.385025999999925,36,1.0,1.5,2,11,1
4,36,15.921647500000063,8.851542800000061,7.070104700000002,31,1.0,1.5,2,16,1
4,37,13.855882699999938,5.349503899999945,8.506378799999993,35,1.0,1.5,2,12,1
4,38,14.575964999999997,4.943154999999933,9.632810000000063,32,1.0,1.5,2,16,1
4,39,15.779407199999923,15.759270499999957,0.020136699999966368,37,1.0,1.5,2,9,1
4,40,4.303414900000007,4.291047200000094,0.012367699999913384,32,1.0,1.0,1,8,0
4,41,68.18888270000002,7.7148494999999,60.47403320000012,34,1.0,1.5,2,13,1
4,42,0.888132799999994,0.8762064000000009,0.01192639999999301,26,1.0,1.0,1,13,0
4,43,88.97713369999997,39.66417180000008,49.31296189999989,31,1.0,1.5,2,17,1
4,44,6.4096002999999655,4.649388300000055,1.7602119999999104,31,1.0,1.0,1,11,0
4,45,27.525639499999897,14.54367329999991,12.981966199999988,37,1.0,1.5,2,11,1
4,46,3.548793899999964,2.8674038999999993,0.6813899999999649,30,1.0,1.0,1,12,0
4,47,11.115554400000065,3.6178661999999804,7.497688200000084,34,1.0,1.5,2,13,1
4,48,2.600308099999893,1.46146849999991,1.138839599999983,28,1.0,1.0,1,13,0
4,49,6.2087027000000035,6.18436870000005,0.02433399999995345,35,1.0,1.5,2,11,1
5,6,0.27457079999999223,0.16062160000001313,0.1139491999999791,27,1.0,1.5,2,12,1
5,7,1.2698310999999194,1.1569348999998965,0.11289620000002287,27,1.0,1.0,1,11,0
5,8,0.04618380000010802,0.03670329999999922,0.009480500000108805,20,1.0,1.0,1,6,0
5,9,0.13741810000010446,0.10465509999994538,0.03276300000015908,23,1.0,1.0,1,7,0
5,10,0.061845200000334444,0.05223530000012033,0.009609900000214111,21,1.0,1.0,1,5,0
5,11,0.055898800000022675,0.042176400000016656,0.013722400000006019,23,1.0,1.5,2,8,1
5,12,0.9249247000000196,0.3656385000001592,0.5592861999998604,25,1.0,1.5,2,11,1
5,13,0.058549900000116395,0.044504200000119454,0.014045699999996941,23,1.0,1.5,2,7,1
5,14,0.4076401000002079,0.39291720000005625,0.01472290000015164,25,1.0,1.0,1,9,0
5,15,1.7711682999999994,0.25034019999998236,1.520828100000017,28,1.0,1.5,2,12,1
5,16,0.2370248999998239,0.1975922999999966,0.03943259999982729,24,1.0,1.0,1,8,0
5,17,0.08528259999980037,0.05516439999996692,0.03011819999983345,21,1.0,1.0,1,7,0
5,18,0.1431307000000288,0.051734399999986636,0.09139630000004217,26,1.0,1.0,1,6,0
5,19,0.8193773000000419,0.8024987999999666,0.01687850000007529,30,1.0,1.5,2,14,1
5,20,1.2636792000000696,0.46158200000013494,0.8020971999999347,26,1.0,1.5,2,15,1
5,21,1.0758063000000675,0.8977633000001788,0.1780429999998887,27,1.0,1.0,1,11,0
5,22,2.769382700000051,1.0821624000000156,1.6872203000000354,26,1.0,1.0,1,10,0
5,23,0.6207374000000527,0.5513338999999178,0.06940350000013495,26,1.0,1.0,1,10,0
5,24,0.029815299999881972,0.019961699999839766,0.009853600000042206,20,1.0,1.0,1,3,0
5,25,0.14875419999998485,0.1289868999999726,0.019767300000012256,26,1.0,1.5,2,10,1
5,26,0.13037520000011682,0.06903379999994286,0.06134140000017396,25,1.0,1.5,2,9,1
5,27,0.44490420000011,0.2767078000001675,0.16819639999994251,29,1.0,1.5,2,13,1
5,28,0.03850400000010268,0.02925320000008469,0.009250800000017989,20,1.0,1.0,1,4,0
5,29,0.10606659999984913,0.04468579999979738,0.06138080000005175,22,1.0,1.5,2,9,1
5,30,0.14681940000014038,0.13663520000000062,0.010184200000139754,23,1.0,1.0,1,5,0
5,31,1.063584899999796,0.1446401999999125,0.9189446999998836,26,1.0,1.5,2,11,1
5,32,3.7000434000001405,1.395564800000102,2.3044786000000386,27,1.0,1.0,1,11,0
5,33,0.055226100000027145,0.04114589999994678,0.014080200000080367,23,1.0,1.5,2,8,1
5,34,0.16125469999997222,0.12270119999993767,0.038553500000034546,23,1.0,1.0,1,7,0
5,35,0.644271500000059,0.4310714000000644,0.21320009999999456,29,1.0,1.5,2,14,1
5,36,0.3711633000002621,0.15625650000015412,0.21490680000010798,24,1.0,1.5,2,12,1
5,37,0.4887493999999606,0.3205892999999378,0.1681601000000228,28,1.0,1.5,2,13,1
5,38,0.3480941999996503,0.07853439999985312,0.2695597999997972,25,1.0,1.5,2,10,1
5,39,0.45600309999986166,0.4396045999999387,0.016398499999922933,30,1.0,1.5,2,12,1
5,40,0.42633150000006026,0.41525899999987814,0.011072500000182117,25,1.0,1.0,1,7,0
5,41,1.2138344000002235,0.1344733000000815,1.079361100000142,27,1.0,1.5,2,11,1
5,42,0.027003599999716243,0.01802019999990989,0.008983399999806352,19,1.0,1.0,1,3,0
5,43,0.09355980000009367,0.046329100000093604,0.04723070000000007,24,1.0,1.5,2,9,1
5,44,0.23590020000006007,0.19333080000001246,0.04256940000004761,24,1.0,1.0,1,8,0
5,45,0.630660700000135,0.41576640000016596,0.214894299999969,30,1.0,1.5,2,14,1
5,46,0.1596309999999903,0.13189360000001216,0.027737399999978152,23,1.0,1.0,1,7,0
5,47,0.26968299999998635,0.15616430000000037,0.11351869999998598,27,1.0,1.5,2,13,1
5,48,0.09446989999992184,0.061884400000053574,0.03258549999986826,21,1.0,1.0,1,7,0
5,49,0.17708070000003318,0.1619249000000309,0.015155800000002273,28,1.0,1.5,2,10,1
6,7,2.387563499999942,2.364859999999908,0.022703500000034182,32,1.0,1.5,2,7,1
6,8,0.38627370000017436,0.2963254000001143,0.08994830000006004,25,1.0,1.5,2,15,1
6,9,0.8437316000001829,0.7363138000000617,0.10741780000012113,28,1.0,1.5,2,8,1
6,10,0.15821850000020277,0.11966980000011063,0.03854870000009214,26,1.0,1.5,2,8,1
6,11,1.053054100000054,0.41091609999989487,0.6421380000001591,28,1.0,2.0,2,19,0
6,12,11.164545199999793,1.0679685000000063,10.096576699999787,30,1.0,2.0,2,7,0
6,13,0.7953890000001138,0.37639820000003965,0.41899080000007416,28,1.0,2.0,2,18,0
6,14,1.3524939000001268,0.5295960999999352,0.8228978000001916,30,1.0,1.5,2,7,1
6,15,18.206413300000122,0.054984200000035344,18.151429100000087,33,1.0,2.0,2,10,0
6,16,0.7253852000003462,0.7066945000001397,0.01869070000020656,29,1.0,1.5,2,6,1
6,17,0.2279606000001877,0.11189460000014151,0.11606600000004619,26,1.0,1.5,2,9,1
6,18,4.724539199999981,1.0298279000001003,3.694711299999881,31,1.0,1.5,2,9,1
6,19,9.69792839999991,0.09972189999984948,9.59820650000006,35,1.0,2.0,2,7,0
6,20,15.01066139999989,2.550884799999949,12.459776599999941,31,1.0,2.0,2,17,0
6,21,8.9786438000001,4.051361600000064,4.927282200000036,32,1.0,1.5,2,7,1
6,22,12.380810699999984,0.9930194999999458,11.387791200000038,31,1.0,1.5,2,10,1
6,23,1.3689014999999927,1.3509392999999363,0.017962200000056328,31,1.0,1.5,2,6,1
6,24,0.18543589999990218,0.12499879999995755,0.06043709999994462,25,1.0,1.5,2,14,1
6,25,1.8669382000000496,0.03082259999996495,1.8361156000000847,31,1.0,2.0,2,3,0
6,26,0.06855519999976423,0.03991279999991093,0.028642399999853296,30,1.0,2.0,2,3,0
6,27,0.0960262999999486,0.06025739999995494,0.035768899999993664,34,1.0,2.0,2,7,0
6,28,0.34228420000022197,0.2682253000000401,0.0740589000001819,25,1.0,1.5,2,14,1
6,29,0.631086200000027,0.18677129999991848,0.44431490000010854,27,1.0,2.0,2,17,0
6,30,1.5373858999998902,1.0761700000000474,0.4612158999998428,28,1.0,1.5,2,13,1
6,31,8.160388100000091,0.039960500000006505,8.120427600000085,31,1.0,2.0,2,5,0
6,32,16.669271699999854,1.042363499999965,15.626908199999889,32,1.0,1.5,2,11,1
6,33,0.8191927000002579,0.37028830000008384,0.44890440000017406,28,1.0,2.0,2,18,0
6,34,2.600482700000157,1.6689782000000832,0.9315045000000737,28,1.0,1.5,2,12,1
6,35,0.11070730000005824,0.05269300000009025,0.05801429999996799,34,1.0,2.0,2,5,0
6,36,4.520305199999939,1.066409799999974,3.453895399999965,29,1.0,2.0,2,21,0
6,37,0.09995830000025308,0.05387110000015127,0.0460872000001018,33,1.0,2.0,2,5,0
6,38,5.299313900000243,0.3667043000000376,4.932609600000205,30,1.0,2.0,2,17,0
6,39,8.362467600000173,0.11380180000014661,8.248665800000026,35,1.0,2.0,2,9,0
6,40,3.284848699999884,2.017408499999874,1.26744020000001,30,1.0,1.5,2,11,1
6,41,10.591969300000073,0.2930834000001141,10.29888589999996,32,1.0,2.0,2,10,0
6,42,0.09550970000009329,0.07345970000005764,0.022050000000035652,24,1.0,1.5,2,12,1
6,43,2.902632199999971,0.9175171000001683,1.9851150999998026,29,1.0,2.0,2,18,0
6,44,1.7115458999999191,1.6927114000000074,0.018834499999911714,29,1.0,1.5,2,10,1
6,45,0.15223710000009305,0.11283210000010513,0.03940499999998792,35,1.0,2.0,2,6,0
6,46,0.977339199999733,0.9607658999998421,0.016573299999890878,28,1.0,1.5,2,10,1
6,47,0.05966940000007526,0.03702969999994821,0.02263970000012705,32,1.0,2.0,2,2,0
6,48,0.457834400000138,0.3178069000000505,0.14002750000008746,26,1.0,1.5,2,12,1
6,49,2.394936899999948,0.05623099999979786,2.33870590000015,33,1.0,2.0,2,7,0
7,8,0.9530408999999054,0.8638722000000598,0.08916869999984556,25,1.0,1.0,1,13,0
7,9,0.41089819999979227,0.20944449999979042,0.20145370000000185,28,1.0,1.0,1,6,0
7,10,0.0774960999999621,0.0457398999999441,0.031756200000018,26,1.0,1.0,1,6,0
7,11,4.873637999999801,3.6646301999999196,1.2090077999998812,28,1.0,1.5,2,16,1
7,12,11.41313510000009,0.08654060000003483,11.326594500000056,30,1.0,1.5,2,9,1
7,13,4.617216499999813,3.5694432999998753,1.0477731999999378,28,1.0,1.5,2,16,1
7,14,0.7304130999998506,0.029831999999942127,0.7005810999999085,30,1.0,1.0,1,4,0
7,15,25.623750599999994,3.1868440999999166,22.436906500000077,33,1.0,1.5,2,13,1
7,16,0.7132929999997941,0.700862799999868,0.012430199999926117,29,1.0,1.0,1,5,0
7,17,0.14641040000014982,0.04538270000011835,0.10102770000003147,26,1.0,1.0,1,7,0
7,18,9.448981800000183,5.605441800000108,3.8435400000000755,31,1.0,1.0,1,7,0
7,19,18.441712499999767,11.113820999999916,7.327891499999851,35,1.0,1.5,2,10,1
7,20,13.745373400000062,3.0744296999998824,10.67094370000018,31,1.0,1.5,2,15,1
7,21,5.716453600000023,2.5497184999999263,3.1667351000000963,32,1.0,1.0,1,4,0
7,22,7.2979583000001185,0.01784700000007433,7.280111300000044,31,1.0,1.0,1,3,0
7,23,0.050197600000046805,0.037598099999968326,0.012599500000078478,31,1.0,1.0,1,3,0
7,24,0.8640608999999131,0.8020899000000554,0.06197099999985767,25,1.0,1.0,1,13,0
7,25,3.842950299999984,1.8240849999999682,2.018865300000016,31,1.0,1.5,2,9,1
7,26,2.2532357999996293,2.2051795999998376,0.048056199999791716,30,1.0,1.5,2,10,1
7,27,4.243079500000022,4.219791399999849,0.023288100000172562,34,1.0,1.5,2,8,1
7,28,0.8715830999999525,0.80922529999998,0.062357799999972485,25,1.0,1.0,1,12,0
7,29,2.2610409999999774,1.4773893999999927,0.7836515999999847,27,1.0,1.5,2,15,1
7,30,2.7702635000000555,2.3388416000000234,0.4314219000000321,28,1.0,1.0,1,11,0
7,31,20.16831769999999,2.0904097000000093,18.07790799999998,31,1.0,1.5,2,10,1
7,32,9.790420899999845,0.04712670000003527,9.74329419999981,32,1.0,1.0,1,6,0
7,33,4.608291000000236,3.566020700000081,1.0422703000001547,28,1.0,1.5,2,16,1
7,34,5.253122500000245,3.5841173000003437,1.6690051999999014,28,1.0,1.0,1,10,0
7,35,6.702179000000342,6.650703300000259,0.051475700000082725,34,1.0,1.5,2,10,1
7,36,9.39445889999979,2.6848274999997557,6.709631400000035,29,1.0,1.5,2,16,1
7,37,4.8600688999999875,4.816013399999974,0.044055500000013126,33,1.0,1.5,2,9,1
7,38,9.162505400000555,2.2353101000003335,6.927195300000221,30,1.0,1.5,2,16,1
7,39,24.368791899999906,8.357334899999842,16.011457000000064,35,1.0,1.5,2,11,1
7,40,2.867088500000591,2.172612900000331,0.6944756000002599,30,1.0,1.0,1,8,0
7,41,33.01244570000017,3.561926500000027,29.450519200000144,32,1.0,1.5,2,14,1
7,42,0.3670476000002054,0.34929990000000544,0.017747700000199984,24,1.0,1.0,1,11,0
7,43,16.974786199999926,9.597612000000026,7.377174199999899,29,1.0,1.5,2,16,1
7,44,2.1597984999998516,2.1453793000000587,0.014419199999792909,29,1.0,1.0,1,8,0
7,45,9.069608799999969,9.048034899999948,0.02157390000002124,35,1.0,1.5,2,9,1
7,46,1.3420265000004292,1.3304751000000579,0.011551400000371359,28,1.0,1.0,1,8,0
7,47,2.401478599999791,2.3779249999997774,0.02355360000001383,32,1.0,1.5,2,9,1
7,48,0.7409278999998605,0.6234392999999727,0.11748859999988781,26,1.0,1.0,1,10,0
7,49,8.006093399999827,2.811666399999922,5.194426999999905,33,1.0,1.5,2,11,1
8,9,0.11058610000009139,0.08557340000015756,0.02501269999993383,21,1.0,1.0,1,9,0
8,10,0.0565917999992962,0.04755899999963731,0.009032799999658891,19,1.0,1.0,1,7,0
8,11,0.07064970000055837,0.05721010000024762,0.013439600000310747,21,1.0,1.5,2,10,1
8,12,0.7700472999999874,0.3471958000000086,0.42285149999997884,23,1.0,1.5,2,14,1
8,13,0.06925870000031864,0.05569100000002436,0.01356770000029428,21,1.0,1.5,2,9,1
8,14,0.38280929999973523,0.3685927999999876,0.014216499999747612,23,1.0,1.0,1,11,0
8,15,1.2982483999994656,0.4050838999996813,0.8931644999997843,26,1.0,1.5,2,17,1
8,16,0.2066365999999107,0.17547319999994215,0.031163399999968533,22,1.0,1.0,1,10,0
8,17,0.07702339999968899,0.05152609999959168,0.02549730000009731,19,1.0,1.0,1,9,0
8,18,0.32209540000030756,0.23985960000027262,0.08223580000003494,24,1.0,1.0,1,11,0
8,19,1.374224299999696,1.3554261999997834,0.018798099999912665,28,1.0,1.5,2,17,1
8,20,0.9010409999996227,0.3665161999997508,0.5345247999998719,24,1.0,1.5,2,17,1
8,21,0.8504672999997638,0.7217602000000625,0.1287070999997013,25,1.0,1.0,1,13,0
8,22,1.7610871999995652,0.7852441999998518,0.9758429999997134,24,1.0,1.0,1,13,0
8,23,0.573358300000109,0.5098226000000068,0.06353570000010222,24,1.0,1.0,1,12,0
8,24,0.03511759999992137,0.026253900000028807,0.00886369999989256,18,1.0,1.0,1,5,0
8,25,0.2526338000002397,0.23292330000003858,0.019710500000201137,24,1.0,1.5,2,14,1
8,26,0.1513836999997693,0.10981459999993604,0.04156909999983327,23,1.0,1.5,2,13,1
8,27,0.594398000000183,0.46707460000016,0.12732340000002296,27,1.0,1.5,2,17,1
8,28,0.03776460000017323,0.02878839999993943,0.008976200000233803,18,1.0,1.0,1,4,0
8,29,0.08480830000053174,0.05039810000016587,0.034410200000365876,20,1.0,1.5,2,10,1
8,30,0.11918439999999464,0.10916649999990113,0.010017900000093505,21,1.0,1.0,1,9,0
8,31,0.8225690000003851,0.2560123000002932,0.566556700000092,24,1.0,1.5,2,15,1
8,32,2.9755331999999726,1.273824500000046,1.7017086999999265,25,1.0,1.0,1,14,0
8,33,0.06509870000036244,0.05179120000002513,0.013307500000337313,21,1.0,1.5,2,10,1
8,34,0.12388719999989917,0.09647660000018732,0.02741059999971185,21,1.0,1.0,1,10,0
8,35,1.0582328000000416,0.8859788999998273,0.17225390000021434,27,1.0,1.5,2,17,1
8,36,0.2659867999996095,0.13041690000000017,0.13556989999960933,22,1.0,1.5,2,15,1
8,37,0.663955900000019,0.5358396999999968,0.12811620000002222,26,1.0,1.5,2,16,1
8,38,0.23464590000003227,0.09198629999991681,0.14265960000011546,23,1.0,1.5,2,13,1
8,39,0.9096880000001875,0.891262099999949,0.01842590000023847,28,1.0,1.5,2,17,1
8,40,0.33837769999990996,0.3273583999998664,0.011019300000043586,23,1.0,1.0,1,11,0
8,41,0.8283778999998503,0.2604608999999982,0.5679169999998521,25,1.0,1.5,2,16,1
8,42,0.033608100000037666,0.02499790000001667,0.008610200000020996,17,1.0,1.0,1,4,0
8,43,0.0911231999998563,0.06483170000001337,0.026291499999842927,22,1.0,1.5,2,11,1
8,44,0.21115569999983563,0.17957439999963754,0.0315813000001981,22,1.0,1.0,1,11,0
8,45,0.9845067999999628,0.8046497999998792,0.17985700000008364,28,1.0,1.5,2,18,1
8,46,0.12971090000019103,0.10690179999983229,0.02280910000035874,21,1.0,1.0,1,10,0
8,47,0.3836466999996446,0.2927740999998605,0.09087259999978414,25,1.0,1.5,2,15,1
8,48,0.08266719999983252,0.05677659999992102,0.0258905999999115,19,1.0,1.0,1,9,0
8,49,0.32201990000021397,0.30636790000016845,0.01565200000004552,26,1.0,1.5,2,15,1
9,10,0.036723499999880005,0.01474499999994805,0.021978499999931955,22,1.0,1.0,1,2,0
9,11,0.33259599999973943,0.22075069999982588,0.11184529999991355,24,1.0,1.5,2,13,1
9,12,1.5267832000004091,0.04545150000012654,1.4813317000002826,26,1.0,1.5,2,9,1
9,13,0.2993861999998444,0.2124496999999792,0.08693649999986519,24,1.0,1.5,2,13,1
9,14,0.4066735000001245,0.05553360000021712,0.35113989999990736,26,1.0,1.0,1,6,0
9,15,3.643236799999613,0.9695148999999219,2.6737218999996912,29,1.0,1.5,2,12,1
9,16,0.1942684000000554,0.16006209999977727,0.034206300000278134,25,1.0,1.0,1,3,0
9,17,0.07304629999998724,0.01564650000000256,0.05739979999998468,22,1.0,1.0,1,3,0
9,18,1.52396490000001,1.3694485999999415,0.15451630000006844,27,1.0,1.0,1,8,0
9,19,4.4984338000003845,3.3405539000000317,1.1578799000003528,31,1.0,1.5,2,14,1
9,20,2.878955799999858,0.9593448999999055,1.9196108999999524,27,1.0,1.5,2,15,1
9,21,0.9608409999996184,0.8076590999999098,0.15318189999970855,28,1.0,1.0,1,5,0
9,22,2.346026400000028,0.1474102000001949,2.198616199999833,27,1.0,1.0,1,8,0
9,23,0.15338269999983822,0.06323620000011942,0.0901464999997188,27,1.0,1.0,1,5,0
9,24,0.09900789999983317,0.0778320999997959,0.02117580000003727,21,1.0,1.0,1,9,0
9,25,1.1948717000000215,0.63414929999999,0.5607224000000315,27,1.0,1.5,2,9,1
9,26,0.26956600000039543,0.2260073000002194,0.04355870000017603,26,1.0,1.5,2,6,1
9,27,1.480442099999891,1.2690131999997902,0.21142890000010084,30,1.0,1.5,2,11,1
9,28,0.09536209999987477,0.07506899999998495,0.02029309999988982,21,1.0,1.0,1,8,0
9,29,0.43054650000021866,0.1649582999998529,0.26558820000036576,23,1.0,1.5,2,12,1
9,30,0.29186680000020715,0.21658079999997426,0.07528600000023289,24,1.0,1.0,1,8,0
9,31,1.6148934000007102,0.42018170000028476,1.1947117000004255,27,1.0,1.5,2,10,1
9,32,3.387539000000288,0.1308825999999499,3.256656400000338,28,1.0,1.0,1,9,0
9,33,0.2990688999998383,0.20852330000025177,0.09054559999958656,24,1.0,1.5,2,13,1
9,34,0.2382354999999734,0.19945700000016586,0.038778499999807536,24,1.0,1.0,1,5,0
9,35,2.505349799999749,2.1822557000000415,0.3230940999997074,30,1.0,1.5,2,12,1
9,36,0.6694657000002735,0.24305130000038844,0.42641439999988506,25,1.0,1.5,2,13,1
9,37,1.8174475999994684,1.5761377999997421,0.24130979999972624,29,1.0,1.5,2,11,1
9,38,1.620209999999588,0.5687929999999142,1.0514169999996739,26,1.0,1.5,2,15,1
9,39,2.2202790999999706,1.3237702999999783,0.8965087999999923,31,1.0,1.5,2,14,1
9,40,1.020489400000315,0.7658802000000833,0.2546092000002318,26,1.0,1.0,1,10,0
9,41,1.7665878000002522,0.4738526000001002,1.292735200000152,28,1.0,1.5,2,13,1
9,42,0.07039759999997841,0.05530610000005254,0.015091499999925873,20,1.0,1.0,1,7,0
9,43,0.5503526000002239,0.37118499999996857,0.17916760000025533,25,1.0,1.5,2,13,1
9,44,0.42710790000001,0.38199759999997696,0.04511030000003302,25,1.0,1.0,1,7,0
9,45,1.912058700000216,1.5739475000000311,0.3381112000001849,31,1.0,1.5,2,12,1
9,46,0.2677457999998296,0.24005659999966156,0.027689200000168057,24,1.0,1.0,1,6,0
9,47,0.8585832999997365,0.7503676999999698,0.10821559999976671,28,1.0,1.5,2,10,1
9,48,0.14978709999968487,0.07874009999977716,0.07104699999990771,22,1.0,1.0,1,7,0
9,49,0.8125976999995146,0.5139988999999332,0.2985987999995814,29,1.0,1.5,2,12,1
10,11,0.11067840000032447,0.09633470000017041,0.014343700000154058,22,1.0,1.5,2,11,1
10,12,0.20034930000019813,0.0274704000003112,0.17287889999988693,24,1.0,1.5,2,8,1
10,13,0.10899659999995492,0.09432699999979377,0.014669600000161154,22,1.0,1.5,2,11,1
10,14,0.032086400000025606,0.022153400000206602,0.009932999999819003,24,1.0,1.0,1,4,0
10,15,0.48839570000018284,0.18279570000004242,0.3056000000001404,27,1.0,1.5,2,12,1
10,16,0.059771400000045105,0.04407850000006874,0.015692899999976362,23,1.0,1.0,1,3,0
10,17,0.031043099999806145,0.015213499999845226,0.01582959999996092,20,1.0,1.0,1,2,0
10,18,0.34686459999966246,0.2856790999999248,0.06118549999973766,25,1.0,1.0,1,9,0
10,19,0.4917476999999053,0.4721662000001743,0.019581499999731022,29,1.0,1.5,2,13,1
10,20,0.4894022999997105,0.23801060000005236,0.25139169999965816,25,1.0,1.5,2,15,1
10,21,0.18082099999992352,0.12845900000002075,0.052361999999902764,26,1.0,1.0,1,6,0
10,22,0.362614399999984,0.04507160000002841,0.3175427999999556,25,1.0,1.0,1,7,0
10,23,0.05178440000008777,0.025361599999996542,0.02642280000009123,25,1.0,1.0,1,5,0
10,24,0.05434569999943051,0.045192499999757274,0.009153199999673234,19,1.0,1.0,1,7,0
10,25,0.11595489999990605,0.10156219999998939,0.014392699999916658,25,1.0,1.5,2,7,1
10,26,0.08220090000031632,0.056139900000289344,0.02606100000002698,24,1.0,1.5,2,6,1
10,27,0.22642320000022664,0.1860516000001553,0.04037160000007134,28,1.0,1.5,2,11,1
10,28,0.05221739999979036,0.04342029999997976,0.008797099999810598,19,1.0,1.0,1,6,0
10,29,0.11913340000046446,0.07168540000020585,0.04744800000025862,21,1.0,1.5,2,11,1
10,30,0.09621800000013536,0.08632840000018405,0.009889599999951315,22,1.0,1.0,1,6,0
10,31,0.27292020000004413,0.09579430000030698,0.17712589999973716,25,1.0,1.5,2,9,1
10,32,0.4683410000002368,0.043219000000135566,0.42512200000010125,26,1.0,1.0,1,8,0
10,33,0.1059955999999147,0.09142079999992347,0.014574799999991228,22,1.0,1.5,2,11,1
10,34,0.11308059999964826,0.08509479999975156,0.0279857999998967,22,1.0,1.0,1,6,0
10,35,0.34223229999997784,0.274612100000013,0.06762019999996483,28,1.0,1.5,2,12,1
10,36,0.20300049999968905,0.10486529999980121,0.09813519999988785,23,1.0,1.5,2,13,1
10,37,0.2793194000000767,0.22348680000004606,0.05583260000003065,27,1.0,1.5,2,11,1
10,38,0.34681529999988925,0.18037589999994452,0.16643939999994473,24,1.0,1.5,2,14,1
10,39,0.2372216999997363,0.21705149999979767,0.02017019999993863,29,1.0,1.5,2,12,1
10,40,0.22520680000025095,0.21403540000028443,0.011171399999966525,24,1.0,1.0,1,8,0
10,41,0.33970300000009956,0.12605190000022048,0.21365109999987908,26,1.0,1.5,2,11,1
10,42,0.041138900000532885,0.03269040000031964,0.008448500000213244,18,1.0,1.0,1,5,0
10,43,0.18736649999982546,0.13889759999983653,0.048468899999988935,23,1.0,1.5,2,12,1
10,44,0.14067870000008043,0.11636330000010275,0.02431539999997767,23,1.0,1.0,1,7,0
10,45,0.24948759999961112,0.2028040999998666,0.04668349999974453,29,1.0,1.5,2,12,1
10,46,0.10012129999995523,0.08270859999993263,0.017412700000022596,22,1.0,1.0,1,6,0
10,47,0.16584950000014942,0.1264998999999989,0.03934960000015053,26,1.0,1.5,2,10,1
10,48,0.06860800000049494,0.04712370000015653,0.021484300000338408,20,1.0,1.0,1,6,0
10,49,0.130234499999915,0.11482930000011038,0.015405199999804609,27,1.0,1.5,2,10,1
11,12,3.850915900000018,0.974726500000088,2.87618939999993,26,1.0,2.0,2,16,0
11,13,0.07029039999952147,0.04996359999995548,0.020326799999565992,24,1.0,2.0,2,5,0
11,14,1.4316664999996647,1.3675224999997226,0.06414399999994203,26,1.0,1.5,2,14,1
11,15,8.791841300000215,0.6169240000003811,8.174917299999834,29,1.0,2.0,2,18,0
11,16,0.7161865999996735,0.5181220999998004,0.19806449999987308,25,1.0,1.5,2,13,1
11,17,0.18702470000016547,0.09990280000010898,0.08712190000005648,22,1.0,1.5,2,13,1
11,18,0.7820363000000725,0.16624270000011165,0.6157935999999609,27,1.0,1.5,2,13,1
11,19,2.577012900000682,2.536725000000388,0.04028790000029403,31,1.0,2.0,2,19,0
11,20,5.489899499999865,1.1562745999999606,4.333624899999904,27,1.0,2.0,2,13,0
11,21,4.78632480000033,3.1076695000001564,1.6786553000001732,28,1.0,1.5,2,16,1
11,22,14.583256599999913,3.3049118999997518,11.278344700000162,27,1.0,1.5,2,15,1
11,23,2.6582720000001245,1.9636190999999599,0.6946529000001647,27,1.0,1.5,2,15,1
11,24,0.05205979999982446,0.03851729999996678,0.013542499999857682,21,1.0,1.5,2,9,1
11,25,0.3887961999998879,0.32845309999993333,0.060343099999954575,27,1.0,2.0,2,17,0
11,26,0.35445969999955196,0.14091419999977006,0.2135454999997819,26,1.0,2.0,2,16,0
11,27,1.6739708000000064,0.6856247000000621,0.9883460999999443,30,1.0,2.0,2,19,0
11,28,0.05110480000030293,0.037977800000135176,0.013127000000167754,21,1.0,1.5,2,6,1
11,29,0.13659950000010213,0.048538600000028964,0.08806090000007316,23,1.0,2.0,2,6,0
11,30,0.29557500000009895,0.28084339999986696,0.014731600000231992,24,1.0,1.5,2,11,1
11,31,4.097018500000104,0.34333490000017264,3.753683599999931,27,1.0,2.0,2,17,0
11,32,29.726869999999963,6.14570010000034,23.581169899999622,28,1.0,1.5,2,16,1
11,33,0.050794499999938125,0.031075700000201323,0.019718799999736802,24,1.0,2.0,2,2,0
11,34,0.39611800000056974,0.25647790000039095,0.1396401000001788,24,1.0,1.5,2,14,1
11,35,3.6865162000003693,1.5278964000003725,2.1586197999999968,30,1.0,2.0,2,19,0
11,36,0.9170171999999184,0.2757437000000209,0.6412734999998975,25,1.0,2.0,2,11,0
11,37,2.133534900000086,0.8237457000000177,1.3097892000000684,29,1.0,2.0,2,18,0
11,38,0.775322700000288,0.10004819999994652,0.6752745000003415,26,1.0,2.0,2,8,0
11,39,1.3583889999999883,1.3277898999999707,0.030599100000017643,31,1.0,2.0,2,17,0
11,40,1.1251618999995117,1.1072792999998455,0.017882599999666127,26,1.0,1.5,2,13,1
11,41,4.055290299999797,0.33051919999979873,3.724771099999998,28,1.0,2.0,2,17,0
11,42,0.04703779999999824,0.03405539999994289,0.01298240000005535,20,1.0,1.5,2,9,1
11,43,0.1324849000006907,0.03745400000025256,0.09503090000043812,25,1.0,2.0,2,3,0
11,44,0.7306995000003553,0.5221850000002632,0.20851450000009208,25,1.0,1.5,2,14,1
11,45,2.86812639999971,1.1827963999999156,1.6853299999997944,31,1.0,2.0,2,19,0
11,46,0.37247660000002725,0.2645618999999897,0.10791470000003756,24,1.0,1.5,2,13,1
11,47,1.0531162000002041,0.4098815000002105,0.6432346999999936,28,1.0,2.0,2,18,0
11,48,0.1917542999995021,0.1045483999996577,0.0872058999998444,22,1.0,1.5,2,13,1
11,49,0.4194281999998566,0.3957759999998416,0.023652200000015,29,1.0,2.0,2,16,0
12,13,3.66732920000004,0.9661086999999497,2.7012205000000904,26,1.0,2.0,2,16,0
12,14,1.9275410999998712,0.03012059999991834,1.8974204999999529,28,1.0,1.5,2,7,1
12,15,2.3448232999999163,1.5026655000001483,0.842157799999768,31,1.0,2.0,2,11,0
12,16,2.673493999999664,0.29431369999974777,2.3791802999999163,27,1.0,1.5,2,8,1
12,17,0.17953679999982342,0.02684929999986707,0.15268749999995634,24,1.0,1.5,2,9,1
12,18,15.21114260000013,2.34314489999997,12.86799770000016,29,1.0,1.5,2,12,1
12,19,26.2277852000002,5.924158700000135,20.303626500000064,33,1.0,2.0,2,10,0
12,20,1.7322752000000037,1.3043241000000307,0.42795109999997294,29,1.0,2.0,2,15,0
12,21,18.572692899999765,1.329059099999995,17.24363379999977,30,1.0,1.5,2,9,1
12,22,0.5095645000001241,0.0685020999999324,0.4410624000001917,29,1.0,1.5,2,7,1
12,23,5.445274799999879,0.03461849999985134,5.410656300000028,29,1.0,1.5,2,8,1
12,24,0.6745050999998057,0.30932769999981247,0.3651773999999932,23,1.0,1.5,2,13,1
12,25,4.6005669000001035,0.8280721999999514,3.772494700000152,29,1.0,2.0,2,5,0
12,26,4.603688199999851,0.5080090000001292,4.095679199999722,28,1.0,2.0,2,8,0
12,27,24.658031400000255,2.070154800000182,22.587876600000072,32,1.0,2.0,2,11,0
12,28,0.6663148000002366,0.3038691000001563,0.36244570000008025,23,1.0,1.5,2,12,1
12,29,1.6224593000001732,0.4559352000001127,1.1665241000000606,25,1.0,2.0,2,17,0
12,30,2.1392778999997972,0.714785799999845,1.4244920999999522,26,1.0,1.5,2,11,1
12,31,1.5630282000001898,0.9251892000002044,0.6378389999999854,29,1.0,2.0,2,5,0
12,32,0.5833904000000985,0.05185930000016015,0.5315310999999383,30,1.0,1.5,2,8,1
12,33,3.5976762000000235,0.9258479000000079,2.6718283000000156,26,1.0,2.0,2,16,0
12,34,3.5891997000003357,0.8878397000003133,2.7013600000000224,26,1.0,1.5,2,13,1
12,35,31.684633400000166,3.571850799999993,28.112782600000173,32,1.0,2.0,2,10,0
12,36,0.8010498000003281,0.6181415999999444,0.18290820000038366,27,1.0,2.0,2,15,0
12,37,22.999025600000095,2.3633457999999337,20.635679800000162,31,1.0,2.0,2,9,0
12,38,1.141541800000141,0.8433403999997608,0.2982014000003801,28,1.0,2.0,2,15,0
12,39,27.39308379999966,4.377037599999767,23.01604619999989,33,1.0,2.0,2,11,0
12,40,4.3123452999998335,1.2707516000000396,3.041593699999794,28,1.0,1.5,2,10,1
12,41,1.9804424000003564,1.1219897000000856,0.8584527000002709,30,1.0,2.0,2,9,0
12,42,0.3212359999997716,0.17142499999999927,0.14981099999977232,22,1.0,1.5,2,13,1
12,43,14.8622991000002,2.365977500000099,12.496321600000101,27,1.0,2.0,2,16,0
12,44,4.359793999999965,0.8794127000001026,3.4803812999998627,27,1.0,1.5,2,12,1
12,45,46.122576100000515,3.9987223000002814,42.123853800000234,33,1.0,2.0,2,12,0
12,46,2.1832693000005747,0.5395915000003697,1.643677800000205,26,1.0,1.5,2,11,1
12,47,11.160275999999612,1.0508539999996174,10.109421999999995,30,1.0,2.0,2,9,0
12,48,0.4835186000000249,0.20511260000012044,0.27840599999990445,24,1.0,1.5,2,12,1
12,49,9.148401299999932,1.3139538999998877,7.834447400000045,31,1.0,2.0,2,9,0
13,14,1.3711269999998876,1.3068241000000853,0.06430289999980232,26,1.0,1.5,2,14,1
13,15,6.821705600000314,0.57487140000012,6.246834200000194,29,1.0,2.0,2,19,0
13,16,0.6427912000003744,0.47774310000022524,0.16504810000014913,25,1.0,1.5,2,13,1
13,17,0.17245000000048094,0.09441130000004705,0.07803870000043389,22,1.0,1.5,2,13,1
13,18,0.7596019000002343,0.2708489000001464,0.4887530000000879,27,1.0,1.5,2,13,1
13,19,2.4055843999999524,2.3812628000000586,0.024321599999893806,31,1.0,2.0,2,19,0
13,20,5.046096599999601,1.0738056000000142,3.9722909999995863,27,1.0,2.0,2,13,0
13,21,4.13062570000011,2.8061956000001373,1.3244300999999723,28,1.0,1.5,2,16,1
13,22,14.387240600000041,3.249118499999895,11.138122100000146,27,1.0,1.5,2,15,1
13,23,2.463666600000579,1.8824412000003576,0.5812254000002213,27,1.0,1.5,2,15,1
13,24,0.05116089999955875,0.0379955999997037,0.013165299999855051,21,1.0,1.5,2,7,1
13,25,0.3514077999998335,0.30007609999984197,0.05133169999999154,27,1.0,2.0,2,17,0
13,26,0.2510835000002771,0.12223260000018854,0.1288509000000886,26,1.0,2.0,2,16,0
13,27,1.384801200000311,0.622488500000145,0.7623127000001659,30,1.0,2.0,2,20,0
13,28,0.05876520000037999,0.04537380000010671,0.01339140000027328,21,1.0,1.5,2,9,1
13,29,0.11094719999982772,0.030389699999886943,0.08055749999994077,23,1.0,2.0,2,3,0
13,30,0.27437800000006973,0.25932379999994737,0.015054200000122364,24,1.0,1.5,2,11,1
13,31,3.1163777999995546,0.29996369999980743,2.816414099999747,27,1.0,2.0,2,17,0
13,32,29.337982900000497,6.063953300000321,23.274029600000176,28,1.0,1.5,2,16,1
13,33,0.06851220000044123,0.048600900000110414,0.01991130000033081,24,1.0,2.0,2,5,0
13,34,0.35925049999968905,0.24851119999993898,0.11073929999975007,24,1.0,1.5,2,14,1
13,35,2.8791647999996712,1.4612637999998697,1.4179009999998016,30,1.0,2.0,2,20,0
13,36,0.8175767999996424,0.25710099999969316,0.5604757999999492,25,1.0,2.0,2,11,0
13,37,1.599880199999916,0.7862884000001031,0.8135917999998128,29,1.0,2.0,2,19,0
13,38,0.5549830000004476,0.037418000000343454,0.5175650000001042,26,1.0,2.0,2,5,0
13,39,1.2260479000001396,1.1945468999997502,0.03150100000038947,31,1.0,2.0,2,16,0
13,40,1.0665947999996206,1.0492135999998027,0.01738119999981791,26,1.0,1.5,2,13,1
13,41,3.1142479999998613,0.3056440999998813,2.80860389999998,28,1.0,2.0,2,18,0
13,42,0.0466989000005924,0.03293550000034884,0.013763400000243564,20,1.0,1.5,2,7,1
13,43,0.1361004000000321,0.058249799999885,0.0778506000001471,25,1.0,2.0,2,6,0
13,44,0.6546061999997619,0.48870469999974375,0.16590150000001813,25,1.0,1.5,2,14,1
13,45,2.6088017000001855,1.088381600000048,1.5204201000001376,31,1.0,2.0,2,18,0
13,46,0.33496080000031725,0.24261599999999817,0.09234480000031908,24,1.0,1.5,2,13,1
13,47,0.7865735000004861,0.3689665000001696,0.4176070000003165,28,1.0,2.0,2,18,0
13,48,0.1861418999997113,0.10598159999972268,0.08016029999998864,22,1.0,1.5,2,13,1
13,49,0.3853202999998757,0.35924459999978353,0.026075700000092183,29,1.0,2.0,2,17,0
14,15,4.947975999999471,0.9199660999997832,4.028009899999688,31,1.0,1.5,2,12,1
14,16,0.35146050000003015,0.1824362000002111,0.16902429999981905,27,1.0,1.0,1,5,0
14,17,0.13002959999994346,0.025315299999874696,0.10471430000006876,24,1.0,1.0,1,6,0
14,18,3.170704200000273,1.7433258000000933,1.4273784000001797,29,1.0,1.0,1,7,0
14,19,2.4894936999999118,2.3860060000001795,0.10348769999973229,33,1.0,1.5,2,9,1
14,20,3.197082600000158,1.0449983000003158,2.152084299999842,29,1.0,1.5,2,14,1
14,21,1.5367929000003642,0.4089704000002712,1.127822500000093,30,1.0,1.0,1,4,0
14,22,1.3102144999998018,0.02722959999982777,1.282984899999974,29,1.0,1.0,1,5,0
14,23,0.3627151999999114,0.017457899999953952,0.34525729999995747,29,1.0,1.0,1,1,0
14,24,0.36286210000025676,0.3495052000002943,0.01335689999996248,23,1.0,1.0,1,11,0
14,25,0.4379869000003964,0.4134950000002391,0.02449190000015733,29,1.0,1.5,2,7,1
14,26,1.395828100000017,0.6005172999998649,0.7953108000001521,28,1.0,1.5,2,10,1
14,27,1.6924513999997544,0.8983032999999523,0.7941480999998021,32,1.0,1.5,2,9,1
14,28,0.35845940000035625,0.3453063000001748,0.013153100000181439,23,1.0,1.0,1,10,0
14,29,1.912905900000169,0.7489004000003661,1.1640054999998029,25,1.0,1.5,2,14,1
14,30,0.7851577000001271,0.7603788000001259,0.02477890000000116,26,1.0,1.0,1,9,0
14,31,3.926860499999748,0.615977699999803,3.310882799999945,29,1.0,1.5,2,8,1
14,32,1.385343599999942,0.020119400000112364,1.3652241999998296,30,1.0,1.0,1,4,0
14,33,1.3781629000000066,1.3128078999998252,0.06535500000018146,26,1.0,1.5,2,14,1
14,34,1.6714010999999118,1.10961240000006,0.5617886999998518,26,1.0,1.0,1,10,0
14,35,3.166434599999775,1.4129473999996662,1.7534872000001087,32,1.0,1.5,2,8,1
14,36,2.7582573999998203,1.0469485999997232,1.711308800000097,27,1.0,1.5,2,14,1
14,37,2.292811800000436,1.0296376000001146,1.2631742000003214,31,1.0,1.5,2,9,1
14,38,2.45652599999994,0.8607158999998319,1.595810100000108,28,1.0,1.5,2,14,1
14,39,2.02008350000051,1.9800991000001886,0.03998440000032133,33,1.0,1.5,2,8,1
14,40,0.7569056000002092,0.7361298000000716,0.02077580000013768,28,1.0,1.0,1,6,0
14,41,5.511852099999942,0.8519959000000199,4.659856199999922,30,1.0,1.5,2,12,1
14,42,0.1717516999997315,0.16202479999992647,0.009726899999805028,22,1.0,1.0,1,9,0
14,43,5.820409300000392,3.0917451000000256,2.7286642000003667,27,1.0,1.5,2,15,1
14,44,1.1477907999997115,0.8070082999997794,0.34078249999993204,27,1.0,1.0,1,8,0
14,45,2.4925115000000915,1.7366093000000546,0.7559022000000368,33,1.0,1.5,2,8,1
14,46,0.7306847999998354,0.5466323999999076,0.18405239999992773,26,1.0,1.0,1,8,0
14,47,1.3644266999999672,0.5390827000001082,0.8253439999998591,30,1.0,1.5,2,9,1
14,48,0.55590280000024,0.31453559999999925,0.2413672000002407,24,1.0,1.0,1,9,0
14,49,0.7872615999999653,0.7464278000002196,0.04083379999974568,31,1.0,1.5,2,9,1
15,16,4.949309599999651,0.866284999999607,4.083024600000044,30,1.0,1.5,2,11,1
15,17,0.30820390000008047,0.13968500000009954,0.16851889999998093,27,1.0,1.5,2,13,1
15,18,33.927510900000016,1.3388967000000775,32.58861419999994,32,1.0,1.5,2,13,1
15,19,79.25821500000029,0.05124210000030871,79.20697289999998,36,1.0,2.0,2,7,0
15,20,2.1782434000006106,2.1283823000003395,0.04986110000027111,32,1.0,2.0,2,18,0
15,21,51.68543219999992,4.836429299999963,46.84900289999996,33,1.0,1.5,2,12,1
15,22,1.1885866000002352,1.1472217999998975,0.04136480000033771,32,1.0,1.5,2,10,1
15,23,12.84753499999988,1.965486300000066,10.882048699999814,32,1.0,1.5,2,13,1
15,24,0.9712342999996508,0.1621695999997428,0.809064699999908,26,1.0,1.5,2,14,1
15,25,7.356120000000374,0.05414180000025226,7.301978200000121,32,1.0,2.0,2,10,0
15,26,6.449300599999788,0.08173609999994369,6.367564499999844,31,1.0,2.0,2,10,0
15,27,27.893936400000257,0.03623809999999139,27.857698300000266,35,1.0,2.0,2,5,0
15,28,1.219647299999906,0.3796459000000141,0.8400013999998919,26,1.0,1.5,2,15,1
15,29,1.361876200000097,0.21458930000017062,1.1472868999999264,28,1.0,2.0,2,19,0
15,30,6.327913499999795,1.673459499999808,4.654453999999987,29,1.0,1.5,2,14,1
15,31,0.09600319999981366,0.055899999999837746,0.040103199999975914,32,1.0,2.0,2,7,0
15,32,1.5104222999998456,1.4620178000000124,0.048404499999833206,33,1.0,1.5,2,10,1
15,33,7.246391499999845,0.5729940999999599,6.673397399999885,29,1.0,2.0,2,18,0
15,34,9.957293799999661,2.356960099999924,7.600333699999737,29,1.0,1.5,2,15,1
15,35,48.366574599999694,0.0736336999998457,48.29294089999985,35,1.0,2.0,2,9,0
15,36,1.4354255999996894,1.3999496999999792,0.035475899999710236,30,1.0,2.0,2,20,0
15,37,32.446859499999846,0.04598589999977776,32.40087360000007,34,1.0,2.0,2,8,0
15,38,0.3952230999998392,0.3561024999999063,0.03912059999993289,31,1.0,2.0,2,15,0
15,39,40.018028700000286,0.11515150000013818,39.90287720000015,36,1.0,2.0,2,6,0
15,40,12.61063490000015,2.5147452999999587,10.095889600000191,31,1.0,1.5,2,13,1
15,41,0.33153939999965587,0.2708359999996901,0.06070339999996577,33,1.0,2.0,2,5,0
15,42,0.3048266999999214,0.08364660000006552,0.22118009999985588,25,1.0,1.5,2,14,1
15,43,29.285457399999814,1.451878299999862,27.83357909999995,30,1.0,2.0,2,19,0
15,44,7.687200200000007,1.8682386000000406,5.818961599999966,30,1.0,1.5,2,15,1
15,45,42.675506499999756,0.112193699999807,42.56331279999995,36,1.0,2.0,2,9,0
15,46,4.142399099999693,1.1872957999999016,2.9551032999997915,29,1.0,1.5,2,14,1
15,47,18.25018500000033,0.044425000000046566,18.205760000000282,33,1.0,2.0,2,8,0
15,48,0.812720200000058,0.37299140000004627,0.4397288000000117,27,1.0,1.5,2,15,1
15,49,17.016781099999662,0.06826419999970312,16.94851689999996,34,1.0,2.0,2,5,0
16,17,0.07807780000030107,0.0413207000001421,0.03675710000015897,23,1.0,1.0,1,4,0
16,18,2.269155200000114,1.5315368999999919,0.737618300000122,28,1.0,1.0,1,7,0
16,19,4.434422299999824,2.828303799999958,1.606118499999866,32,1.0,1.5,2,13,1
16,20,3.6815434999998615,1.0480563999999504,2.633487099999911,28,1.0,1.5,2,15,1
16,21,0.7893223000000944,0.025623300000006566,0.7636990000000878,29,1.0,1.0,1,3,0
16,22,2.4137330000003203,0.4094678000001295,2.004265200000191,28,1.0,1.0,1,8,0
16,23,0.3153169000001981,0.30430999999998676,0.011006900000211317,28,1.0,1.0,1,4,0
16,24,0.1824861999998575,0.1591167999999925,0.02336939999986498,22,1.0,1.0,1,10,0
16,25,0.8788265000002866,0.5244392000004154,0.3543872999998712,28,1.0,1.5,2,7,1
16,26,0.3228577999998379,0.30531939999991664,0.01753839999992124,27,1.0,1.5,2,6,1
16,27,1.1640378000001874,1.1477045000001453,0.016333300000042072,31,1.0,1.5,2,9,1
16,28,0.1883852000000843,0.16563429999996515,0.022750900000119145,22,1.0,1.0,1,9,0
16,29,0.5059947999998258,0.2683675999996922,0.2376272000001336,24,1.0,1.5,2,12,1
16,30,0.504509799999596,0.4007416999997986,0.10376809999979741,25,1.0,1.0,1,8,0
16,31,2.483215900000232,0.45973040000035326,2.023485499999879,28,1.0,1.5,2,9,1
16,32,3.2767045999999027,0.48367869999992763,2.793025899999975,29,1.0,1.0,1,9,0
16,33,0.6370327000004181,0.47836710000001403,0.15866560000040408,25,1.0,1.5,2,13,1
16,34,0.6799663000001601,0.4834799000000203,0.19648640000013984,25,1.0,1.0,1,7,0
16,35,1.9225019000004977,1.8899386000002778,0.0325633000002199,31,1.0,1.5,2,10,1
16,36,1.0233023999999205,0.15914669999983744,0.864155700000083,26,1.0,1.5,2,13,1
16,37,1.4177554999996573,1.3867404999996324,0.031015000000024884,30,1.0,1.5,2,9,1
16,38,2.2296552999996493,0.6706169999997655,1.5590382999998837,27,1.0,1.5,2,14,1
16,39,3.211599899999783,1.6708260000000337,1.5407738999997491,32,1.0,1.5,2,12,1
16,40,0.9867427999997744,0.7521347999995669,0.23460800000020754,27,1.0,1.0,1,8,0
16,41,3.268111200000021,0.5011614000000009,2.7669498000000203,29,1.0,1.5,2,10,1
16,42,0.10246519999964221,0.0897477999997136,0.012717399999928602,21,1.0,1.0,1,8,0
16,43,1.5962632000000667,1.0467711000001145,0.5494920999999522,26,1.0,1.5,2,13,1
16,44,0.1899396999997407,0.1787424999997711,0.011197199999969598,26,1.0,1.0,1,6,0
16,45,1.84351259999994,1.8268799000002218,0.01663269999971817,32,1.0,1.5,2,10,1
16,46,0.3458005999996203,0.3354150000000118,0.01038559999960853,25,1.0,1.0,1,5,0
16,47,0.7311463999999432,0.7140059999996993,0.01714040000024397,29,1.0,1.5,2,8,1
16,48,0.11909700000023804,0.05854040000031091,0.06055659999992713,23,1.0,1.0,1,7,0
16,49,1.1597736000003351,0.6243171000000984,0.5354565000002367,30,1.0,1.5,2,10,1
17,18,0.4903561000000991,0.24995290000015302,0.24040319999994608,25,1.0,1.0,1,10,0
17,19,0.8007494000003135,0.36565120000022944,0.43509820000008403,29,1.0,1.5,2,15,1
17,20,0.31564879999996265,0.17850219999991168,0.13714660000005097,25,1.0,1.5,2,16,1
17,21,0.3142564000004313,0.11157550000007177,0.20268090000035954,26,1.0,1.0,1,7,0
17,22,0.2216628999999557,0.03753199999982826,0.18413090000012744,25,1.0,1.0,1,8,0
17,23,0.10714219999999841,0.02526620000026014,0.08187599999973827,25,1.0,1.0,1,6,0
17,24,0.06800030000022161,0.046007400000235066,0.021992899999986548,19,1.0,1.0,1,7,0
17,25,0.2678248999995958,0.1160331999999471,0.1517916999996487,25,1.0,1.5,2,9,1
17,26,0.12093039999990651,0.05431529999987106,0.06661510000003545,24,1.0,1.5,2,7,1
17,27,0.29259830000000875,0.16821519999984957,0.12438310000015917,28,1.0,1.5,2,12,1
17,28,0.07018430000016451,0.048197800000252755,0.021986499999911757,19,1.0,1.0,1,8,0
17,29,0.07804579999992711,0.06501729999990857,0.01302850000001854,21,1.0,1.5,2,11,1
17,30,0.13157820000014908,0.08046620000004623,0.05111200000010285,22,1.0,1.0,1,8,0
17,31,0.18537019999985205,0.0747971000000689,0.11057309999978315,25,1.0,1.5,2,10,1
17,32,0.27202289999968343,0.031060099999649537,0.2409628000000339,26,1.0,1.0,1,9,0
17,33,0.16780960000005507,0.09049189999996088,0.07731770000009419,22,1.0,1.5,2,13,1
17,34,0.18543780000027255,0.08902570000009291,0.09641210000017963,22,1.0,1.0,1,7,0
17,35,0.4849872999998297,0.25331469999991896,0.23167259999991074,28,1.0,1.5,2,13,1
17,36,0.1574774000000616,0.08738690000018323,0.07009049999987838,23,1.0,1.5,2,14,1
17,37,0.38748889999988023,0.20852629999990313,0.1789625999999771,27,1.0,1.5,2,12,1
17,38,0.2303516999995736,0.12863999999990483,0.10171169999966878,24,1.0,1.5,2,15,1
17,39,0.5349030000002131,0.16936709999981758,0.3655359000003955,29,1.0,1.5,2,14,1
17,40,0.30342769999970187,0.17947549999962575,0.12395220000007612,24,1.0,1.0,1,10,0
17,41,0.22965619999968112,0.09680109999999331,0.1328550999996878,26,1.0,1.5,2,12,1
17,42,0.052003400000103284,0.037684299999909854,0.01431910000019343,18,1.0,1.0,1,7,0
17,43,0.3529081000001497,0.14207160000023578,0.21083649999991394,23,1.0,1.5,2,14,1
17,44,0.18338040000026012,0.11260780000020532,0.07077260000005481,23,1.0,1.0,1,8,0
17,45,0.34184170000025915,0.18826119999994262,0.15358050000031653,29,1.0,1.5,2,13,1
17,46,0.12618720000000394,0.08147779999990235,0.044709400000101596,22,1.0,1.0,1,7,0
17,47,0.23444919999974445,0.11725179999984903,0.11719739999989542,26,1.0,1.5,2,11,1
17,48,0.05249969999931636,0.04298769999968499,0.009511999999631371,20,1.0,1.0,1,6,0
17,49,0.245505900000353,0.09587390000024243,0.14963200000011057,27,1.0,1.5,2,12,1
18,19,22.13404970000056,4.917381500000374,17.216668200000186,34,1.0,1.5,2,13,1
18,20,19.579086500000358,3.171808400000373,16.407278099999985,30,1.0,1.5,2,15,1
18,21,6.73713429999998,6.7250082000000475,0.012126099999932194,31,1.0,1.0,1,5,0
18,22,17.88555869999982,3.59651359999998,14.28904509999984,30,1.0,1.0,1,10,0
18,23,4.567693799999688,2.843469499999628,1.7242243000000599,30,1.0,1.0,1,6,0
18,24,0.0964601000005132,0.04744520000031116,0.04901490000020203,24,1.0,1.0,1,9,0
18,25,4.2050600000002305,0.7100236999999652,3.4950363000002653,30,1.0,1.5,2,10,1
18,26,1.44455089999974,0.5923169999996389,0.8522339000001011,29,1.0,1.5,2,11,1
18,27,10.606841000000259,1.7836380000003373,8.823202999999921,33,1.0,1.5,2,9,1
18,28,0.1625861999996232,0.11920839999993404,0.04337779999968916,24,1.0,1.0,1,10,0
18,29,1.1839987999996993,0.14296709999962331,1.041031700000076,26,1.0,1.5,2,12,1
18,30,1.6259504999998171,1.1912274000001162,0.43472309999970093,27,1.0,1.0,1,10,0
18,31,18.673472299999958,0.8004667999998674,17.87300550000009,30,1.0,1.5,2,12,1
18,32,25.31457760000012,4.878705500000251,20.43587209999987,31,1.0,1.0,1,10,0
18,33,0.5803125000002183,0.13507939999999508,0.4452331000002232,27,1.0,1.5,2,13,1
18,34,1.4358216999999058,1.4244211000000178,0.011400599999888072,27,1.0,1.0,1,7,0
18,35,16.915753799999948,3.1667984000000615,13.748955399999886,33,1.0,1.5,2,11,1
18,36,5.7672145000001365,1.4071561000000656,4.360058400000071,28,1.0,1.5,2,15,1
18,37,11.359377100000074,2.0612239000001864,9.298153199999888,32,1.0,1.5,2,10,1
18,38,6.592271100000289,0.30401060000031066,6.2882604999999785,29,1.0,1.5,2,13,1
18,39,22.11637260000043,3.5884454000001824,18.52792720000025,34,1.0,1.5,2,12,1
18,40,2.7189478999998755,1.7473205999999664,0.9716272999999092,29,1.0,1.0,1,7,0
18,41,24.660372499999994,1.0621314999998503,23.598241000000144,31,1.0,1.5,2,13,1
18,42,0.05272049999985029,0.03079119999983959,0.0219293000000107,23,1.0,1.0,1,7,0
18,43,0.4256430000000364,0.24754170000005615,0.17810129999998026,28,1.0,1.5,2,12,1
18,44,2.0867724999998245,1.438231099999939,0.6485413999998855,28,1.0,1.0,1,7,0
18,45,27.65827870000021,3.9766233000000284,23.68165540000018,34,1.0,1.5,2,10,1
18,46,1.0332441999998991,0.7968823999999586,0.23636179999994056,27,1.0,1.0,1,7,0
18,47,4.6721880999998575,1.004848999999922,3.6673390999999356,31,1.0,1.5,2,10,1
18,48,0.5436760000002323,0.31588730000021314,0.22778870000001916,25,1.0,1.0,1,9,0
18,49,6.324268000000302,1.0803061999999954,5.2439618000003065,32,1.0,1.5,2,11,1
19,20,44.19547019999982,8.091108499999791,36.10436170000003,34,1.0,2.0,2,18,0
19,21,44.08152319999999,18.120257500000207,25.961265699999785,35,1.0,1.5,2,11,1
19,22,30.85600280000017,3.1170930000002954,27.738909799999874,34,1.0,1.5,2,9,1
19,23,9.53156349999972,6.384952399999747,3.146611099999973,34,1.0,1.5,2,10,1
19,24,0.4974838999996791,0.48161249999975553,0.015871399999923597,28,1.0,1.5,2,15,1
19,25,0.40241059999971185,0.07020809999994526,0.3322024999997666,34,1.0,2.0,2,7,0
19,26,4.367645299999822,0.2598262999999861,4.107818999999836,33,1.0,2.0,2,10,0
19,27,13.98458759999994,0.06186299999990297,13.922724600000038,37,1.0,2.0,2,7,0
19,28,1.2954910999992535,1.279875699999593,0.01561539999966044,28,1.0,1.5,2,15,1
19,29,5.08218289999968,0.8086356999997406,4.273547199999939,30,1.0,2.0,2,20,0
19,30,6.14730069999996,6.125244800000019,0.022055899999941175,31,1.0,1.5,2,16,1
19,31,42.31610360000013,0.08902100000022983,42.2270825999999,34,1.0,2.0,2,7,0
19,32,44.23069990000022,2.977168100000199,41.25353180000002,35,1.0,1.5,2,9,1
19,33,2.4059973000003083,2.381863400000384,0.024133899999924324,31,1.0,2.0,2,18,0
19,34,14.145568099999764,9.44111299999986,4.704455099999905,31,1.0,1.5,2,18,1
19,35,23.531777100000454,0.043792300000404794,23.48798480000005,37,1.0,2.0,2,4,0
19,36,11.798619099999996,6.103780299999926,5.6948388000000705,32,1.0,2.0,2,20,0
19,37,15.600910199999362,0.04194339999958174,15.55896679999978,36,1.0,2.0,2,5,0
19,38,16.00955019999992,1.2111930000000939,14.798357199999828,33,1.0,2.0,2,18,0
19,39,0.32658340000034514,0.20972260000007736,0.11686080000026777,38,1.0,2.0,2,5,0
19,40,7.885364400000071,7.863190900000063,0.022173500000008062,33,1.0,1.5,2,13,1
19,41,62.93603979999989,1.183346299999812,61.75269350000008,35,1.0,2.0,2,9,0
19,42,0.21425619999990886,0.1981341999999131,0.01612199999999575,27,1.0,1.5,2,15,1
19,43,35.52691899999991,7.108684499999981,28.418234499999926,32,1.0,2.0,2,19,0
19,44,8.62690879999991,6.269517499999893,2.3573913000000175,32,1.0,1.5,2,17,1
19,45,25.002132300000085,0.1965173999997205,24.805614900000364,38,1.0,2.0,2,6,0
19,46,4.837621200000285,3.9092515000002095,0.9283697000000757,31,1.0,1.5,2,17,1
19,47,9.649758299999121,0.08645249999972293,9.563305799999398,35,1.0,2.0,2,5,0
19,48,2.355354799999077,1.2884483999996519,1.066906399999425,29,1.0,1.5,2,18,1
19,49,0.22365290000107052,0.14148580000073707,0.08216710000033345,36,1.0,2.0,2,5,0
20,21,29.982930000000124,4.673655800000233,25.30927419999989,31,1.0,1.5,2,15,1
20,22,1.7457215000003998,1.7195959000000585,0.026125600000341365,30,1.0,1.5,2,12,1
20,23,7.306192099999862,1.7834345999999641,5.522757499999898,30,1.0,1.5,2,15,1
20,24,0.825870899999245,0.3433839999997872,0.4824868999994578,24,1.0,1.5,2,16,1
20,25,6.562069100000372,1.6332520000005388,4.928817099999833,30,1.0,2.0,2,17,0
20,26,6.530997399999251,1.4275196999997206,5.10347769999953,29,1.0,2.0,2,19,0
20,27,21.131328599999506,3.2669578999993973,17.86437070000011,33,1.0,2.0,2,21,0
20,28,0.8767571999997017,0.38453759999993053,0.49221959999977116,24,1.0,1.5,2,15,1
20,29,1.2154777000005197,0.43146429999978864,0.784013400000731,26,1.0,2.0,2,13,0
20,30,1.1161768000001757,0.2458065999999235,0.8703702000002522,27,1.0,1.5,2,11,1
20,31,1.1811586000003444,1.1406463000002987,0.0405123000000458,30,1.0,2.0,2,16,0
20,32,2.135807900001055,2.1098562000006496,0.025951700000405253,31,1.0,1.5,2,13,1
20,33,5.0990469999997,1.0857867000004262,4.013260299999274,27,1.0,2.0,2,12,0
20,34,2.2452517000001535,0.24671550000039133,1.9985361999997622,27,1.0,1.5,2,12,1
20,35,33.40675480000027,5.516451100000268,27.890303700000004,33,1.0,2.0,2,19,0
20,36,0.1911856999995507,0.16864319999967847,0.022542499999872234,28,1.0,2.0,2,6,0
20,37,23.941026299999976,4.1092883999999685,19.831737900000007,32,1.0,2.0,2,19,0
20,38,0.8233486999997695,0.8013768999999229,0.021971799999846553,29,1.0,2.0,2,8,0
20,39,22.665680500000235,5.081187499999942,17.584493000000293,34,1.0,2.0,2,18,0
20,40,2.8813971999998103,0.22013839999999618,2.661258799999814,29,1.0,1.5,2,10,1
20,41,1.3627565999995568,1.3082549000000654,0.05450169999949139,31,1.0,2.0,2,18,0
20,42,0.3322564999998576,0.17630209999970248,0.15595440000015515,23,1.0,1.5,2,16,1
20,43,19.85490529999879,2.7313846999995803,17.12352059999921,28,1.0,2.0,2,13,0
20,44,1.5174913000000743,0.24172290000024077,1.2757683999998335,28,1.0,1.5,2,11,1
20,45,30.615050999999767,4.790949100000034,25.824101899999732,34,1.0,2.0,2,20,0
20,46,0.9826894000007087,0.15014010000049893,0.8325493000002098,27,1.0,1.5,2,12,1
20,47,14.930586399999811,2.524674199999936,12.405912199999875,31,1.0,2.0,2,17,0
20,48,0.1909559999994599,0.08851619999950344,0.10243979999995645,25,1.0,1.5,2,13,1
20,49,12.014669300000605,2.266423300000497,9.748246000000108,32,1.0,2.0,2,18,0
21,22,13.608860500000446,0.8628969999999754,12.745963500000471,31,1.0,1.0,1,7,0
21,23,2.3895644999993237,1.0262253000000783,1.3633391999992455,31,1.0,1.0,1,3,0
21,24,0.75368730000082,0.6664732000008371,0.08721409999998286,25,1.0,1.0,1,13,0
21,25,7.207831699999588,2.5722986000000674,4.63553309999952,31,1.0,1.5,2,8,1
21,26,2.9379279000004317,1.8025328000003356,1.1353951000000961,30,1.0,1.5,2,9,1
21,27,19.130987300000015,6.94571089999954,12.185276400000475,34,1.0,1.5,2,8,1
21,28,0.752381800000876,0.6657143000002179,0.08666750000065804,25,1.0,1.0,1,12,0
21,29,3.0738890000002357,1.1791425999999774,1.8947464000002583,27,1.0,1.5,2,15,1
21,30,2.7720202999998946,2.0472537000005104,0.7247665999993842,28,1.0,1.0,1,11,0
21,31,25.98083249999945,2.4989686999997502,23.4818637999997,31,1.0,1.5,2,10,1
21,32,17.839959399999316,0.6122906000000512,17.227668799999265,32,1.0,1.0,1,7,0
21,33,4.201458200000161,2.841107500000362,1.360350699999799,28,1.0,1.5,2,16,1
21,34,2.4228926999994655,2.411415399999896,0.011477299999569368,28,1.0,1.0,1,8,0
21,35,29.75820570000087,11.444914400000016,18.313291300000856,34,1.0,1.5,2,9,1
21,36,7.835595599998669,0.7036796999991566,7.1319158999995125,29,1.0,1.5,2,16,1
21,37,20.975691800000277,8.469894100000602,12.505797699999675,33,1.0,1.5,2,8,1
21,38,16.690091699999357,3.0106729999997697,13.679418699999587,30,1.0,1.5,2,16,1
21,39,34.52228430000014,10.661267000000407,23.86101729999973,35,1.0,1.5,2,11,1
21,40,4.471864200000709,3.008791000000201,1.4630732000005082,30,1.0,1.0,1,8,0
21,41,39.0050925000005,2.9551930000006905,36.04989949999981,32,1.0,1.5,2,12,1
21,42,0.32220499999948515,0.2946217999997316,0.02758319999975356,24,1.0,1.0,1,11,0
21,43,7.0727287999998225,6.498326599999928,0.574402199999895,29,1.0,1.5,2,15,1
21,44,1.6083670999996684,0.7383254999995188,0.8700416000001496,29,1.0,1.0,1,7,0
21,45,42.38674269999956,11.830124699999942,30.556617999999617,35,1.0,1.5,2,9,1
21,46,1.819696199999271,1.5200472999995327,0.2996488999997382,28,1.0,1.0,1,8,0
21,47,8.992633899999419,4.061731299999337,4.930902600000081,32,1.0,1.5,2,9,1
21,48,0.46586459999980434,0.16308699999990495,0.3027775999998994,26,1.0,1.0,1,10,0
21,49,10.548640500000147,3.6775492000006125,6.871091299999534,33,1.0,1.5,2,11,1
22,23,3.553049199999805,0.03751099999954022,3.5155382000002646,30,1.0,1.0,1,6,0
22,24,1.7015649999993911,0.7553027999992992,0.946262200000092,24,1.0,1.0,1,12,0
22,25,5.874179800001002,0.791906100000233,5.082273700000769,30,1.0,1.5,2,9,1
22,26,12.24975269999959,1.564997599999515,10.684755100000075,29,1.0,1.5,2,12,1
22,27,13.848317099999804,1.5096594999995432,12.33865760000026,33,1.0,1.5,2,11,1
22,28,1.7184009000002334,0.7608361000002333,0.9575648000000001,24,1.0,1.0,1,11,0
22,29,3.563258500000302,1.1387801000000763,2.4244784000002255,26,1.0,1.5,2,16,1
22,30,6.540169700000661,2.075907299999926,4.4642624000007345,27,1.0,1.0,1,10,0
22,31,0.9786168999999063,0.9540287999998327,0.02458810000007361,30,1.0,1.5,2,7,1
22,32,0.04137399999945046,0.028982199999518343,0.012391799999932118,31,1.0,1.0,1,3,0
22,33,14.42803290000029,3.276150200000302,11.151882699999987,27,1.0,1.5,2,15,1
22,34,8.470848799999658,2.5940224999994825,5.876826300000175,27,1.0,1.0,1,12,0
22,35,22.258699699999852,1.8166729000004125,20.44202679999944,33,1.0,1.5,2,12,1
22,36,2.1667616999993697,2.1309602999999697,0.03580139999940002,28,1.0,1.5,2,13,1
22,37,16.44064139999955,1.4185829999996713,15.022058399999878,32,1.0,1.5,2,11,1
22,38,1.431351199999881,1.4080904000002192,0.023260799999661685,29,1.0,1.5,2,13,1
22,39,13.591480400000364,3.4803885999999693,10.111091800000395,34,1.0,1.5,2,10,1
22,40,5.401379700000689,1.6049430000002758,3.796436700000413,29,1.0,1.0,1,7,0
22,41,1.7481021000012333,1.7189191000006758,0.029183000000557513,31,1.0,1.5,2,11,1
22,42,0.599458699999559,0.3331576999999015,0.2663009999996575,23,1.0,1.0,1,12,0
22,43,55.462371300000086,8.358257799999592,47.104113500000494,28,1.0,1.5,2,16,1
22,44,4.948394800000642,1.4894050000002608,3.4589898000003814,28,1.0,1.0,1,11,0
22,45,21.05702470000051,3.205161300000327,17.851863400000184,34,1.0,1.5,2,12,1
22,46,2.554105299999719,0.9662658999995983,1.5878394000001208,27,1.0,1.0,1,11,0
22,47,12.506783400000131,1.0428884000002654,11.463894999999866,31,1.0,1.5,2,12,1
22,48,0.9265246999993906,0.4686713000000964,0.4578533999992942,25,1.0,1.0,1,11,0
22,49,10.379465900000469,1.5059477000004335,8.873518200000035,32,1.0,1.5,2,10,1
23,24,0.5228992000011203,0.47786620000078983,0.0450330000003305,24,1.0,1.0,1,12,0
23,25,2.27286869999989,1.1116659999997864,1.1612027000001035,30,1.0,1.5,2,8,1
23,26,0.9475987999994686,0.918497199999365,0.029101600000103645,29,1.0,1.5,2,9,1
23,27,2.453349100000196,2.43536099999983,0.017988100000366103,33,1.0,1.5,2,8,1
23,28,0.5402123000003485,0.4939703999998528,0.04624190000049566,24,1.0,1.0,1,11,0
23,29,1.398127999999815,0.8530288000001747,0.5450991999996404,26,1.0,1.5,2,14,1
23,30,1.364564600000449,1.1162872000004427,0.2482774000000063,27,1.0,1.0,1,10,0
23,31,9.113175700000284,1.1423132999998415,7.970862400000442,30,1.0,1.5,2,9,1
23,32,4.15288800000053,0.021993899999870337,4.13089410000066,31,1.0,1.0,1,5,0
23,33,2.543973300000289,1.942315399999643,0.6016579000006459,27,1.0,1.5,2,15,1
23,34,2.331735299999309,1.623163399999612,0.708571899999697,27,1.0,1.0,1,9,0
23,35,4.178484399999434,4.146064800000204,0.03241959999922983,33,1.0,1.5,2,7,1
23,36,4.5380026000002545,1.3172826999998506,3.220719900000404,28,1.0,1.5,2,15,1
23,37,2.8060454999995272,2.7786266000002797,0.027418899999247515,32,1.0,1.5,2,8,1
23,38,5.003615599999648,1.3100852999996278,3.6935303000000204,29,1.0,1.5,2,15,1
23,39,10.162300299999515,4.425272699999368,5.737027600000147,34,1.0,1.5,2,9,1
23,40,1.4935647000002064,1.1629202000003716,0.3306444999998348,29,1.0,1.0,1,7,0
23,41,11.910118799999509,1.4386101000000053,10.471508699999504,31,1.0,1.5,2,13,1
23,42,0.23930560000007972,0.22280990000035672,0.016495699999723,23,1.0,1.0,1,10,0
23,43,8.139249900000323,4.808895699999994,3.330354200000329,28,1.0,1.5,2,15,1
23,44,1.1471121999993557,1.1350641999997606,0.01204799999959505,28,1.0,1.0,1,7,0
23,45,4.730358300000262,4.713535900000352,0.016822399999909976,34,1.0,1.5,2,7,1
23,46,0.7524828000005073,0.7413900000001377,0.011092800000369607,27,1.0,1.0,1,7,0
23,47,1.3967281999994157,1.3786737999998877,0.01805439999952796,31,1.0,1.5,2,8,1
23,48,0.42810610000015004,0.34700900000007096,0.08109710000007908,25,1.0,1.0,1,9,0
23,49,3.6634387999993123,1.465934799999559,2.1975039999997534,32,1.0,1.5,2,10,1
24,25,0.1260433000006742,0.10882370000035735,0.01721960000031686,24,1.0,1.5,2,12,1
24,26,0.09177149999959511,0.05901900000026217,0.03275249999933294,23,1.0,1.5,2,11,1
24,27,0.26427309999962745,0.17898239999976795,0.0852906999998595,27,1.0,1.5,2,15,1
24,28,0.0344719000004261,0.025310500000159664,0.00916140000026644,18,1.0,1.0,1,5,0
24,29,0.0744195999996009,0.04081140000016603,0.03360819999943487,20,1.0,1.5,2,9,1
24,30,0.10970719999932044,0.09918699999980163,0.010520199999518809,21,1.0,1.0,1,8,0
24,31,0.6395345999990241,0.11449659999925643,0.5250379999997676,24,1.0,1.5,2,13,1
24,32,2.8968494000000646,1.2342661000002408,1.6625832999998238,25,1.0,1.0,1,13,0
24,33,0.05115529999966384,0.03749630000038451,0.013658999999279331,21,1.0,1.5,2,9,1
24,34,0.10875610000130109,0.08579210000061721,0.022964000000683882,21,1.0,1.0,1,10,0
24,35,0.433555399999932,0.32736670000031154,0.10618869999962044,27,1.0,1.5,2,15,1
24,36,0.23792169999978796,0.11941819999992731,0.11850349999986065,22,1.0,1.5,2,14,1
24,37,0.2819796999992832,0.2040219000000434,0.0779577999992398,26,1.0,1.5,2,14,1
24,38,0.18493769999986398,0.05791869999939081,0.12701900000047317,23,1.0,1.5,2,11,1
24,39,0.32300889999987703,0.3054346999997506,0.01757420000012644,28,1.0,1.5,2,14,1
24,40,0.31230200000027253,0.3014619000005041,0.010840099999768427,23,1.0,1.0,1,10,0
24,41,0.621374499999547,0.10870789999989938,0.5126665999996476,25,1.0,1.5,2,13,1
24,42,0.02516349999950762,0.016444099999716855,0.008719399999790767,17,1.0,1.0,1,2,0
24,43,0.06113180000011198,0.039405900000019756,0.021725900000092224,22,1.0,1.5,2,10,1
24,44,0.19125150000036228,0.16125459999966552,0.02999690000069677,22,1.0,1.0,1,11,0
24,45,0.40263770000001387,0.28542060000017955,0.11721709999983432,28,1.0,1.5,2,16,1
24,46,0.1144254999990153,0.09606869999970513,0.01835679999931017,21,1.0,1.0,1,10,0
24,47,0.17513930000041,0.11614989999998215,0.05898940000042785,25,1.0,1.5,2,14,1
24,48,0.07830740000008518,0.05257119999987481,0.025736200000210374,19,1.0,1.0,1,9,0
24,49,0.13985930000035296,0.1212586999999985,0.01860060000035446,26,1.0,1.5,2,12,1
25,26,0.7156605999998646,0.03461709999919549,0.6810435000006692,29,1.0,2.0,2,3,0
25,27,2.2339407999998,0.0537040999997771,2.180236700000023,33,1.0,2.0,2,8,0
25,28,0.22992600000088714,0.21260200000051555,0.017324000000371598,24,1.0,1.5,2,12,1
25,29,0.9546009999994567,0.19074949999958335,0.7638514999998733,26,1.0,2.0,2,18,0
25,30,0.8408886000006532,0.8070206000002145,0.03386800000043877,27,1.0,1.5,2,11,1
25,31,4.635358400000769,0.043636500000502565,4.591721900000266,30,1.0,2.0,2,3,0
25,32,7.377381100000093,0.8221049000003404,6.555276199999753,31,1.0,1.5,2,10,1
25,33,0.35648270000001503,0.30246379999971396,0.05401890000030107,27,1.0,2.0,2,17,0
25,34,2.1116077000006044,1.223348999999871,0.8882587000007334,27,1.0,1.5,2,13,1
25,35,5.185895800000253,0.043923500000346394,5.141972299999907,33,1.0,2.0,2,5,0
25,36,2.870153300000311,0.9208551000001535,1.9492982000001575,28,1.0,2.0,2,20,0
25,37,3.376629299999877,0.043324700000084704,3.333304599999792,32,1.0,2.0,2,4,0
25,38,2.4596062000009624,0.2906962000006388,2.1689100000003236,29,1.0,2.0,2,17,0
25,39,0.3124021999992692,0.10398449999956938,0.20841769999969983,34,1.0,2.0,2,8,0
25,40,1.4699338999998872,1.4157417999995232,0.05419210000036401,29,1.0,1.5,2,9,1
25,41,7.153484100000242,0.24195920000056503,6.911524899999677,31,1.0,2.0,2,8,0
25,42,0.083130699999856,0.06902530000024854,0.01410539999960747,23,1.0,1.5,2,11,1
25,43,2.3516184000000067,0.6807815000001938,1.6708368999998129,28,1.0,2.0,2,18,0
25,44,1.9529644000003827,1.2655442000004768,0.6874201999999059,28,1.0,1.5,2,11,1
25,45,3.0540736000002653,0.09310069999992265,2.9609729000003426,34,1.0,2.0,2,8,0
25,46,1.090850299999147,0.7529872999994041,0.3378629999997429,27,1.0,1.5,2,11,1
25,47,1.8697370999998384,0.035619600000245555,1.8341174999995928,31,1.0,2.0,2,5,0
25,48,0.627977600000122,0.31188639999982115,0.3160912000003009,25,1.0,1.5,2,12,1
25,49,0.15027439999994385,0.04848519999995915,0.1017891999999847,32,1.0,2.0,2,5,0
26,27,0.14017760000024282,0.08605890000035288,0.05411869999988994,32,1.0,2.0,2,9,0
26,28,0.1318141999990985,0.09841049999977258,0.03340369999932591,23,1.0,1.5,2,11,1
26,29,0.3348857000000862,0.08623449999959121,0.248651200000495,25,1.0,2.0,2,16,0
26,30,0.5901331999994,0.3907011999999668,0.19943199999943317,26,1.0,1.5,2,10,1
26,31,3.3590897999993103,0.041624899999987974,3.3174648999993224,29,1.0,2.0,2,6,0
26,32,20.098543499999323,2.3409108999994714,17.75763259999985,30,1.0,1.5,2,13,1
26,33,0.2575940000006085,0.12232740000035847,0.13526660000025004,26,1.0,2.0,2,16,0
26,34,0.7257452000003468,0.48867040000004636,0.23707480000030046,26,1.0,1.5,2,10,1
26,35,0.126381200000651,0.10258320000048116,0.02379800000016985,32,1.0,2.0,2,6,0
26,36,1.4871887999997853,0.4010427000002892,1.086146099999496,27,1.0,2.0,2,20,0
26,37,0.1382088999998814,0.11513420000028418,0.023074699999597215,31,1.0,2.0,2,5,0
26,38,2.137785499999154,0.24792939999952068,1.8898560999996334,28,1.0,2.0,2,18,0
26,39,4.943118099999992,0.09632469999996829,4.846793400000024,33,1.0,2.0,2,11,0
26,40,2.405052799999794,1.3981450999999652,1.0069076999998288,28,1.0,1.5,2,12,1
26,41,3.657766199999969,0.16164110000045184,3.4961250999995173,30,1.0,2.0,2,10,0
26,42,0.06545160000132455,0.04597020000073826,0.01948140000058629,22,1.0,1.5,2,10,1
26,43,0.549232800000027,0.2207933999998204,0.32843940000020666,27,1.0,2.0,2,16,0
26,44,0.7503618999999162,0.7297717999999804,0.020590099999935774,27,1.0,1.5,2,10,1
26,45,0.17006400000082067,0.09278300000005402,0.07728100000076665,33,1.0,2.0,2,9,0
26,46,0.4299135999999635,0.4129512999998042,0.016962300000159303,26,1.0,1.5,2,9,1
26,47,0.07276289999936125,0.04455199999938486,0.02821089999997639,30,1.0,2.0,2,5,0
26,48,0.24892609999915294,0.1354150999995909,0.11351099999956205,24,1.0,1.5,2,11,1
26,49,1.0724643999992622,0.047644499999478285,1.024819899999784,31,1.0,2.0,2,8,0
27,28,0.5127750999999989,0.4228465000005599,0.08992859999943903,27,1.0,1.5,2,16,1
27,29,1.0737208999998984,0.2679640999995172,0.8057568000003812,29,1.0,2.0,2,18,0
27,30,2.793036000000029,2.0786951999998564,0.7143408000001727,30,1.0,1.5,2,15,1
27,31,14.895380000000841,0.051470700000209035,14.843909300000632,33,1.0,2.0,2,8,0
27,32,20.899407199999587,1.6998544999996739,19.199552699999913,34,1.0,1.5,2,12,1
27,33,1.4264640999999756,0.6155614999997852,0.8109026000001904,30,1.0,2.0,2,19,0
27,34,5.085580799999661,3.050538699999379,2.0350421000002825,30,1.0,1.5,2,14,1
27,35,0.3029996999994182,0.09230969999953231,0.2106899999998859,36,1.0,2.0,2,5,0
27,36,9.189128100000744,1.9528416000002835,7.23628650000046,31,1.0,2.0,2,23,0
27,37,0.19231980000040494,0.055097899999964284,0.13722190000044066,35,1.0,2.0,2,4,0
27,38,7.907395799998994,0.4808248999997886,7.426570899999206,32,1.0,2.0,2,18,0
27,39,13.58155650000117,0.09415920000083133,13.487397300000339,37,1.0,2.0,2,5,0
27,40,4.631135800000266,3.135678600000574,1.4954571999996915,32,1.0,1.5,2,12,1
27,41,23.223510599999827,0.48469089999980497,22.738819700000022,34,1.0,2.0,2,6,0
27,42,0.11250850000033097,0.08717549999983021,0.02533300000050076,26,1.0,1.5,2,13,1
27,43,6.133912600000258,1.5698758000007729,4.564036799999485,31,1.0,2.0,2,19,0
27,44,2.546165300001121,2.5253318000004583,0.020833500000662752,31,1.0,1.5,2,12,1
27,45,0.11475590000009106,0.08469909999985248,0.03005680000023858,37,1.0,2.0,2,4,0
27,46,1.4910456999996313,1.474887299999864,0.016158399999767425,30,1.0,1.5,2,12,1
27,47,0.08196779999980208,0.046620699999948556,0.035347099999853526,34,1.0,2.0,2,5,0
27,48,0.6924451999993835,0.4925688999992417,0.19987630000014178,28,1.0,1.5,2,14,1
27,49,4.446045400000003,0.05645230000027368,4.389593099999729,35,1.0,2.0,2,4,0
28,29,0.07649669999955222,0.04618829999981244,0.030308399999739777,20,1.0,1.5,2,11,1
28,30,0.10584810000000289,0.09616809999988618,0.009680000000116706,21,1.0,1.0,1,7,0
28,31,0.7706112000005305,0.23986450000029436,0.5307467000002362,24,1.0,1.5,2,13,1
28,32,2.8750130999997054,1.2244994000002407,1.6505136999994647,25,1.0,1.0,1,12,0
28,33,0.04615199999989272,0.032864900000276975,0.013287099999615748,21,1.0,1.5,2,6,1
28,34,0.10712790000070527,0.08485050000035699,0.02227740000034828,21,1.0,1.0,1,9,0
28,35,0.9478859999999258,0.831563499999902,0.11632250000002387,27,1.0,1.5,2,15,1
28,36,0.23573690000011993,0.11659690000033152,0.11913999999978842,22,1.0,1.5,2,13,1
28,37,0.5711456999997608,0.488257999999405,0.08288770000035584,26,1.0,1.5,2,14,1
28,38,0.19516870000006747,0.07794879999983095,0.11721990000023652,23,1.0,1.5,2,13,1
28,39,0.842596999998932,0.8268642999992153,0.015732699999716715,28,1.0,1.5,2,15,1
28,40,0.3110886999993454,0.30080029999953695,0.010288399999808462,23,1.0,1.0,1,9,0
28,41,0.758712299999388,0.23286189999998896,0.5258503999993991,25,1.0,1.5,2,14,1
28,42,0.03167029999985971,0.02307550000023184,0.008594799999627867,17,1.0,1.0,1,5,0
28,43,0.05971950000002835,0.03692829999999958,0.022791200000028766,22,1.0,1.5,2,7,1
28,44,0.1819539000007353,0.15799170000082086,0.023962199999914446,22,1.0,1.0,1,10,0
28,45,0.8988761000000522,0.7725768000000244,0.12629930000002787,28,1.0,1.5,2,17,1
28,46,0.11863119999998162,0.09561359999952401,0.023017600000457605,21,1.0,1.0,1,9,0
28,47,0.32235529999979917,0.2605604000000312,0.06179489999976795,25,1.0,1.5,2,14,1
28,48,0.07268710000062129,0.05069820000062464,0.021988899999996647,19,1.0,1.0,1,8,0
28,49,0.292783199999576,0.2785097999994832,0.014273400000092806,26,1.0,1.5,2,13,1
29,30,0.3646017999999458,0.16922760000034032,0.19537419999960548,23,1.0,1.5,2,13,1
29,31,0.8498725999997987,0.14231889999973646,0.7075537000000622,26,1.0,2.0,2,18,0
29,32,6.384933100000126,1.929940500000157,4.454992599999969,27,1.0,1.5,2,17,1
29,33,0.11733989999993355,0.04778429999987566,0.0695556000000579,23,1.0,2.0,2,6,0
29,34,0.5292493999995713,0.1873758000001544,0.3418735999994169,23,1.0,1.5,2,13,1
29,35,1.8497042999997575,0.6019092999995337,1.2477950000002238,29,1.0,2.0,2,19,0
29,36,0.31105769999976474,0.14432300000044052,0.16673469999932422,24,1.0,2.0,2,11,0
29,37,1.2322347999997874,0.3629399999999805,0.8692947999998069,28,1.0,2.0,2,18,0
29,38,0.1693955000000642,0.0321008000000802,0.137294699999984,25,1.0,2.0,2,5,0
29,39,4.348775000000387,0.42271640000035404,3.926058600000033,30,1.0,2.0,2,18,0
29,40,1.340391499999896,0.5043627000004562,0.8360287999994398,25,1.0,1.5,2,15,1
29,41,0.831736400000409,0.1365248000001884,0.6952116000002206,27,1.0,2.0,2,18,0
29,42,0.05385900000055699,0.03190690000064933,0.02195209999990766,19,1.0,1.5,2,7,1
29,43,0.24387560000013764,0.04998599999998987,0.19388960000014777,24,1.0,2.0,2,7,0
29,44,0.5051481999998941,0.2664918000000398,0.23865639999985433,24,1.0,1.5,2,13,1
29,45,1.6626031000005241,0.4294612000003326,1.2331419000001915,30,1.0,2.0,2,17,0
29,46,0.3208102999997209,0.16243930000018736,0.15837099999953352,23,1.0,1.5,2,12,1
29,47,0.640052800000376,0.19459120000010444,0.4454616000002716,27,1.0,2.0,2,16,0
29,48,0.08257339999909163,0.06922559999929945,0.013347799999792187,21,1.0,1.5,2,11,1
29,49,1.205142099999648,0.17791989999932412,1.027222200000324,28,1.0,2.0,2,18,0
30,31,3.7142350000003717,0.9444931000007273,2.7697418999996444,27,1.0,1.5,2,12,1
30,32,9.674248299999817,2.911688399999548,6.762559900000269,28,1.0,1.0,1,11,0
30,33,0.2719907000000603,0.2568621999998868,0.015128500000173517,24,1.0,1.5,2,11,1
30,34,0.20741999999972904,0.14064719999987574,0.0667727999998533,24,1.0,1.0,1,4,0
30,35,4.4520196000003125,3.3085798000001887,1.1434398000001238,30,1.0,1.5,2,16,1
30,36,0.34351450000031036,0.12103930000012042,0.22247520000018994,25,1.0,1.5,2,8,1
30,37,3.299505200000567,2.464492699999937,0.8350125000006301,29,1.0,1.5,2,15,1
30,38,1.507394799999929,0.5083840999996028,0.9990107000003263,26,1.0,1.5,2,14,1
30,39,3.864480199999889,3.8467921000001297,0.017688099999759288,31,1.0,1.5,2,14,1
30,40,0.3313476000002993,0.32021720000011555,0.011130400000183727,26,1.0,1.0,1,4,0
30,41,4.473697300000822,0.9919231000003492,3.4817742000004728,28,1.0,1.5,2,13,1
30,42,0.07721630000105506,0.06755260000045382,0.009663700000601239,20,1.0,1.0,1,8,0
30,43,0.7766822000012326,0.5064827000005607,0.27019950000067183,25,1.0,1.5,2,12,1
30,44,0.23391830000036862,0.16237240000009479,0.07154590000027383,25,1.0,1.0,1,4,0
30,45,4.4649546000000555,3.462326700000631,1.0026278999994247,31,1.0,1.5,2,16,1
30,46,0.15450849999979255,0.10912029999963124,0.045388200000161305,24,1.0,1.0,1,4,0
30,47,1.5494680000001608,1.0840028000002349,0.46546519999992597,28,1.0,1.5,2,15,1
30,48,0.07822020000003249,0.042974799999683455,0.035245400000349036,22,1.0,1.0,1,4,0
30,49,1.1789336999991065,1.1629120999996303,0.016021599999476166,29,1.0,1.5,2,12,1
31,32,1.1819634000003134,1.1627243000002636,0.019239100000049802,31,1.0,1.5,2,8,1
31,33,3.4682859999993525,0.30656679999992775,3.1617191999994247,27,1.0,2.0,2,17,0
31,34,4.316126200000326,1.058245100000022,3.2578811000003043,27,1.0,1.5,2,14,1
31,35,33.92102489999979,0.0713447999996788,33.849680100000114,33,1.0,2.0,2,7,0
31,36,0.7911419000001843,0.7589963000000353,0.03214560000014899,28,1.0,2.0,2,18,0
31,37,20.98508159999983,0.07544889999917359,20.909632700000657,32,1.0,2.0,2,7,0
31,38,0.2611912000002121,0.22924830000010843,0.03194290000010369,29,1.0,2.0,2,16,0
31,39,28.8713858000001,0.043376200000238896,28.82800959999986,34,1.0,2.0,2,7,0
31,40,9.934504200001356,1.7854442000007111,8.149060000000645,29,1.0,1.5,2,10,1
31,41,0.1715909999993528,0.14904779999960738,0.02254319999974541,31,1.0,2.0,2,6,0
31,42,0.21779100000003382,0.06432279999989987,0.15346820000013395,23,1.0,1.5,2,13,1
31,43,12.389520400000038,0.6852159999998548,11.704304400000183,28,1.0,2.0,2,18,0
31,44,4.927761299999474,1.1159803999998985,3.811780899999576,28,1.0,1.5,2,13,1
31,45,25.49942639999972,0.04172829999970418,25.457698100000016,34,1.0,2.0,2,8,0
31,46,2.5378728999994564,0.6633866000001944,1.874486299999262,27,1.0,1.5,2,13,1
31,47,8.20135129999926,0.0491318999993382,8.152219399999922,31,1.0,2.0,2,7,0
31,48,0.5161385999990671,0.21706509999967238,0.2990734999993947,25,1.0,1.5,2,13,1
31,49,9.824287999999797,0.03605549999974755,9.78823250000005,32,1.0,2.0,2,4,0
32,33,30.75890249999975,6.148242499999469,24.61066000000028,28,1.0,1.5,2,16,1
32,34,12.100215700000263,3.569183499999781,8.531032200000482,28,1.0,1.0,1,13,0
32,35,28.34508210000058,1.7922338000007585,26.552848299999823,34,1.0,1.5,2,11,1
32,36,3.4845752000001085,3.442858200000046,0.0417170000000624,29,1.0,1.5,2,14,1
32,37,21.953011900000092,1.47765470000013,20.475357199999962,33,1.0,1.5,2,12,1
32,38,2.0963703000006717,2.0673272000003635,0.029043100000308186,30,1.0,1.5,2,14,1
32,39,16.993301700000302,3.8335065999999642,13.159795100000338,35,1.0,1.5,2,9,1
32,40,7.070240799999738,2.0172803000004933,5.052960499999244,30,1.0,1.0,1,8,0
32,41,1.6855461999994077,1.6607791999995243,0.02476699999988341,32,1.0,1.5,2,11,1
32,42,0.9470083000005616,0.5074941000002582,0.4395142000003034,24,1.0,1.0,1,13,0
32,43,119.00774020000063,16.213391300000694,102.79434889999993,29,1.0,1.5,2,17,1
32,44,7.148096400000213,2.1176729999997406,5.030423400000473,29,1.0,1.0,1,11,0
32,45,24.414112500000556,3.49984620000032,20.914266300000236,35,1.0,1.5,2,11,1
32,46,3.963547300000755,1.5014271000000008,2.4621202000007543,28,1.0,1.0,1,12,0
32,47,16.911215000000084,1.0396276999999827,15.871587300000101,32,1.0,1.5,2,13,1
32,48,1.2359447999997428,0.6399291999996422,0.5960156000001007,26,1.0,1.0,1,12,0
32,49,17.01257549999991,1.7625048999998398,15.250070600000072,33,1.0,1.5,2,11,1
33,34,0.35118169999987003,0.2404514999998355,0.11073020000003453,24,1.0,1.5,2,14,1
33,35,2.98061510000025,1.453502500000468,1.527112599999782,30,1.0,2.0,2,19,0
33,36,0.8083774000006088,0.2509949000004781,0.5573825000001307,25,1.0,2.0,2,10,0
33,37,1.7062463000002026,0.8194524000000456,0.886793900000157,29,1.0,2.0,2,18,0
33,38,0.5400031999988641,0.07160489999932906,0.4683982999995351,26,1.0,2.0,2,7,0
33,39,1.2361096000004181,1.2027812000005724,0.033328399999845715,31,1.0,2.0,2,17,0
33,40,1.0563396000006833,1.0389377000001332,0.017401900000550086,26,1.0,1.5,2,13,1
33,41,3.2365631000002395,0.3013516000000891,2.9352115000001504,28,1.0,2.0,2,17,0
33,42,0.04711059999954159,0.032878600000003644,0.014231999999537948,20,1.0,1.5,2,9,1
33,43,0.10004149999895162,0.024762799999734852,0.07527869999921677,25,1.0,2.0,2,1,0
33,44,0.6443431999996392,0.48496999999952095,0.15937320000011823,25,1.0,1.5,2,14,1
33,45,2.6812208999990617,1.0991595999994388,1.5820612999996229,31,1.0,2.0,2,19,0
33,46,0.3367900000002919,0.24901620000036928,0.08777379999992263,24,1.0,1.5,2,13,1
33,47,0.8160264999996798,0.3690225999998802,0.4470038999997996,28,1.0,2.0,2,17,0
33,48,0.17988079999940965,0.09901840000020457,0.08086239999920508,22,1.0,1.5,2,13,1
33,49,0.38297569999940606,0.35963019999962853,0.02334549999977753,29,1.0,2.0,2,16,0
34,35,9.343690799999422,5.6081710999997085,3.7355196999997133,30,1.0,1.5,2,16,1
34,36,0.6579270000001998,0.18557099999998172,0.47235600000021805,25,1.0,1.5,2,11,1
34,37,6.273185200000626,3.7553132000002734,2.5178720000003523,29,1.0,1.5,2,15,1
34,38,2.6201602999999523,0.7392943999993804,1.8808659000005719,26,1.0,1.5,2,16,1
34,39,6.996398600000248,4.0878357000001415,2.9085629000001063,31,1.0,1.5,2,17,1
34,40,0.3051130000003468,0.0805199000005814,0.2245930999997654,26,1.0,1.0,1,6,0
34,41,4.463337399999546,0.972430699999677,3.4909066999998686,28,1.0,1.5,2,15,1
34,42,0.07619359999989683,0.06032520000007935,0.015868399999817484,20,1.0,1.0,1,8,0
34,43,0.40256440000030125,0.357108999999582,0.04545540000071924,25,1.0,1.5,2,13,1
34,44,0.28381529999933264,0.16585380000014993,0.1179614999991827,25,1.0,1.0,1,3,0
34,45,8.311667699999816,4.492012499999873,3.819655199999943,31,1.0,1.5,2,15,1
34,46,0.09318390000044019,0.031784800000423274,0.061399100000016915,24,1.0,1.0,1,2,0
34,47,2.6073984000004202,1.6613562000002275,0.9460422000001927,28,1.0,1.5,2,14,1
34,48,0.11600520000047254,0.04289040000003297,0.07311480000043957,22,1.0,1.0,1,4,0
34,49,2.1549147000005178,1.3464705000005779,0.8084441999999399,29,1.0,1.5,2,15,1
35,36,15.623305699999037,3.7543133999997735,11.868992299999263,31,1.0,2.0,2,21,0
35,37,0.06197070000052918,0.03835890000027575,0.023611800000253425,35,1.0,2.0,2,1,0
35,38,13.25906870000017,0.8525948999995308,12.40647380000064,32,1.0,2.0,2,19,0
35,39,41.00858619999963,0.14950249999947118,40.859083700000156,37,1.0,2.0,2,5,0
35,40,7.292039300000397,4.923915600000328,2.368123700000069,32,1.0,1.5,2,13,1
35,41,50.56803989999935,0.753752199999326,49.81428770000002,34,1.0,2.0,2,9,0
35,42,0.18287620000046445,0.14838260000033188,0.034493600000132574,26,1.0,1.5,2,14,1
35,43,15.772691699999996,4.237246499999856,11.53544520000014,31,1.0,2.0,2,19,0
35,44,4.820691400000214,4.783005700000103,0.037685700000110955,31,1.0,1.5,2,14,1
35,45,0.5260197999996308,0.1472873000002437,0.3787324999993871,37,1.0,2.0,2,3,0
35,46,2.7795442000006005,2.7563404000002265,0.02320380000037403,30,1.0,1.5,2,14,1
35,47,0.11406199999964883,0.04860179999923275,0.06546020000041608,34,1.0,2.0,2,3,0
35,48,1.2005643000002237,0.9343503999998575,0.26621390000036627,28,1.0,1.5,2,16,1
35,49,10.84500349999962,0.07261879999987286,10.772384699999748,35,1.0,2.0,2,5,0
36,37,9.960638299999118,2.2525896999995894,7.708048599999529,30,1.0,2.0,2,21,0
36,38,0.408076799999435,0.38613059999988764,0.02194619999954739,27,1.0,2.0,2,11,0
36,39,10.226419300000998,3.6360589000005348,6.590360400000463,32,1.0,2.0,2,19,0
36,40,1.565259399999377,0.46470959999987826,1.1005497999994986,27,1.0,1.5,2,11,1
36,41,0.5494136999996044,0.5192681999997149,0.03014549999988958,29,1.0,2.0,2,19,0
36,42,0.1286335999993753,0.07927329999984067,0.04936029999953462,21,1.0,1.5,2,14,1
36,43,2.6276299000001018,0.5233299999999872,2.1042999000001146,26,1.0,2.0,2,11,0
36,44,0.44568010000057257,0.050597400000697235,0.39508269999987533,26,1.0,1.5,2,10,1
36,45,16.337990300000456,3.419406600000002,12.918583700000454,32,1.0,2.0,2,21,0
36,46,0.4675870000000941,0.15343469999970694,0.3141523000003872,25,1.0,1.5,2,11,1
36,47,4.55165179999949,1.0789580999999089,3.4726936999995814,29,1.0,2.0,2,20,0
36,48,0.06982370000059746,0.03374859999985347,0.03607510000074399,23,1.0,1.5,2,8,1
36,49,3.8560530999993716,1.1169264000000112,2.7391266999993604,30,1.0,2.0,2,19,0
37,38,8.696471700000075,0.5904469999995854,8.10602470000049,31,1.0,2.0,2,18,0
37,39,24.354881000000205,0.25070030000006227,24.104180700000143,36,1.0,2.0,2,6,0
37,40,5.36337739999999,3.5300593000001754,1.8333180999998149,31,1.0,1.5,2,12,1
37,41,37.58077129999947,0.7211218000002191,36.85964949999925,33,1.0,2.0,2,8,0
37,42,0.13340160000007018,0.10529200000019046,0.02810959999987972,25,1.0,1.5,2,13,1
37,43,7.138030700000854,2.0739335000007486,5.064097200000106,30,1.0,2.0,2,18,0
37,44,2.994555900000705,2.959455500000331,0.035100400000374066,30,1.0,1.5,2,13,1
37,45,0.4814957999997205,0.24879609999970853,0.23269970000001194,36,1.0,2.0,2,4,0
37,46,1.8697799000001396,1.848607599999923,0.021172300000216637,29,1.0,1.5,2,13,1
37,47,0.09249929999987216,0.046374200000173005,0.04612509999969916,33,1.0,2.0,2,3,0
37,48,0.877418499999294,0.6169445999994423,0.2604738999998517,27,1.0,1.5,2,15,1
37,49,6.681457399999999,0.09415159999934986,6.5873058000006495,34,1.0,2.0,2,5,0
38,39,9.332786499999202,0.8300251000000571,8.502761399999144,33,1.0,2.0,2,17,0
38,40,3.22883180000008,0.9410455999995975,2.2877862000004825,28,1.0,1.5,2,14,1
38,41,0.3042689000012615,0.26962400000047637,0.03464490000078513,30,1.0,2.0,2,16,0
38,42,0.09129599999960192,0.04181299999982002,0.049482999999781896,22,1.0,1.5,2,11,1
38,43,2.009731100000863,0.11806800000067597,1.8916631000001871,27,1.0,2.0,2,8,0
38,44,2.116457500001161,0.6441037000004144,1.4723538000007466,27,1.0,1.5,2,16,1
38,45,12.949330300000838,0.7751784000001862,12.174151900000652,33,1.0,2.0,2,19,0
38,46,1.226749500000551,0.4260044000002381,0.800745100000313,26,1.0,1.5,2,15,1
38,47,5.3048692999991545,0.3649649999997564,4.939904299999398,30,1.0,2.0,2,17,0
38,48,0.2836504999995668,0.1562540999993871,0.1273964000001797,24,1.0,1.5,2,16,1
38,49,4.4542639999999665,0.3570686000002752,4.097195399999691,31,1.0,2.0,2,17,0
39,40,6.973689600000398,6.956675000000359,0.017014600000038627,33,1.0,1.5,2,11,1
39,41,43.31241179999961,0.6864900999999008,42.62592169999971,35,1.0,2.0,2,5,0
39,42,0.13653870000052848,0.12116570000034699,0.015373000000181491,27,1.0,1.5,2,14,1
39,43,19.353318399999807,3.2569244999995135,16.096393900000294,32,1.0,2.0,2,18,0
39,44,6.967048299999988,4.177499800000078,2.78954849999991,32,1.0,1.5,2,14,1
39,45,22.84523210000043,0.030567900000278314,22.814664200000152,38,1.0,2.0,2,3,0
39,46,3.712566400000469,2.412636900000507,1.299929499999962,31,1.0,1.5,2,15,1
39,47,8.321040499999981,0.1033385000000635,8.217701999999917,35,1.0,2.0,2,7,0
39,48,1.763426299999992,0.7413026000003811,1.0221236999996108,29,1.0,1.5,2,16,1
39,49,0.061117499999454594,0.033279700000093726,0.027837799999360868,36,1.0,2.0,2,3,0
40,41,13.876123799999732,2.1871228999998493,11.689000899999883,30,1.0,1.5,2,12,1
40,42,0.17300580000028276,0.16250010000021575,0.010505700000067009,22,1.0,1.0,1,10,0
40,43,4.877867900000638,2.545683800000006,2.3321841000006316,27,1.0,1.5,2,14,1
40,44,0.4012026999998852,0.2535197999995944,0.14768290000029083,27,1.0,1.0,1,5,0
40,45,8.523596400000315,6.429968800000097,2.093627600000218,33,1.0,1.5,2,13,1
40,46,0.10892200000034791,0.0248410000003787,0.08408099999996921,26,1.0,1.0,1,4,0
40,47,3.2823875999993106,2.0131813999996666,1.269206199999644,30,1.0,1.5,2,13,1
40,48,0.2388199999995777,0.11061249999966094,0.12820749999991676,24,1.0,1.0,1,7,0
40,49,2.4319541999993817,2.414966899999854,0.01698729999952775,31,1.0,1.5,2,10,1
41,42,0.2133201000006011,0.060252500000387954,0.15306760000021313,24,1.0,1.5,2,13,1
41,43,12.318629200000032,0.6863694000003306,11.632259799999701,29,1.0,2.0,2,18,0
41,44,4.385753599999589,0.7821298999997452,3.6036236999998437,29,1.0,1.5,2,14,1
41,45,37.460155799999484,0.580399700000271,36.87975609999921,35,1.0,2.0,2,8,0
41,46,3.1572783999999956,0.7355724999997619,2.4217059000002337,28,1.0,1.5,2,14,1
41,47,10.499814800000422,0.2821373000006133,10.217677499999809,32,1.0,2.0,2,8,0
41,48,0.41903109999930166,0.15916489999926853,0.25986620000003313,26,1.0,1.5,2,14,1
41,49,13.933749199999511,0.3133895000000848,13.620359699999426,33,1.0,2.0,2,4,0
42,43,0.0553195999991658,0.03814909999982774,0.017170499999338062,21,1.0,1.5,2,10,1
42,44,0.10714939999979833,0.09370820000003732,0.013441199999761011,21,1.0,1.0,1,9,0
42,45,0.14227030000074592,0.1152842999999848,0.026986000000761123,27,1.0,1.5,2,14,1
42,46,0.0751220000001922,0.06304439999985334,0.012077600000338862,20,1.0,1.0,1,8,0
42,47,0.089519800000744,0.0674845000003188,0.022035300000425195,24,1.0,1.5,2,12,1
42,48,0.05606090000037511,0.04130720000011934,0.014753700000255776,18,1.0,1.0,1,7,0
42,49,0.08180900000024849,0.06682590000036726,0.014983099999881233,25,1.0,1.5,2,12,1
43,44,1.620123099999546,1.052524199999425,0.5675989000001209,26,1.0,1.5,2,14,1
43,45,13.550884700000097,2.891059000000496,10.659825699999601,32,1.0,2.0,2,19,0
43,46,0.6932641000003059,0.46903500000007625,0.22422910000022966,25,1.0,1.5,2,13,1
43,47,2.8805614000002606,0.9056690000006711,1.9748923999995895,29,1.0,2.0,2,17,0
43,48,0.35760360000040237,0.1457975000002989,0.21180610000010347,23,1.0,1.5,2,14,1
43,49,3.862097499999436,0.8547145999991699,3.007382900000266,30,1.0,2.0,2,17,0
44,45,4.5646600000000035,4.543908700000429,0.020751299999574258,32,1.0,1.5,2,12,1
44,46,0.15089259999967908,0.1393817999996827,0.01151079999999638,25,1.0,1.0,1,3,0
44,47,1.7065594000005149,1.6866460999999617,0.019913300000553136,29,1.0,1.5,2,12,1
44,48,0.06375850000040373,0.021583300000202144,0.042175200000201585,23,1.0,1.0,1,3,0
44,49,2.5093951999997444,1.4976731999995536,1.0117220000001907,30,1.0,1.5,2,13,1
45,46,2.6175202999993417,2.6012996999997995,0.016220599999542173,31,1.0,1.5,2,13,1
45,47,0.1436309999999139,0.10346719999961351,0.0401638000003004,35,1.0,2.0,2,4,0
45,48,0.9832722000010108,0.7742580000003727,0.20901420000063808,29,1.0,1.5,2,15,1
45,49,7.494971799999803,0.033738199999788776,7.461233600000014,36,1.0,2.0,2,4,0
46,47,0.9703013000016654,0.9534507000007579,0.016850600000907434,28,1.0,1.5,2,12,1
46,48,0.09077479999996285,0.048146099999939906,0.042628700000022945,22,1.0,1.0,1,4,0
46,49,1.329225899999983,0.848432199999479,0.48079370000050403,29,1.0,1.5,2,13,1
47,48,0.4683681999995315,0.32424019999962184,0.14412799999990966,26,1.0,1.5,2,14,1
47,49,2.3664318000001003,0.04585560000032274,2.3205761999997776,33,1.0,2.0,2,5,0
48,49,0.6530132999996567,0.2903352999992421,0.3626780000004146,27,1.0,1.5,2,14,1
