Variant i;Variant j;Total Time;Summarization Time;Mapping Time;Number of Events;Average Number of Application;Average Number of Offer;Largest Type Object Set;Cost;Lane Optionality;n;;;;;;;
0;1;1.1682529;0.6729677;0.4952852;30;1;1;1;6;0;2;;1;2;3;4;5;
0;2;5.2774337;5.1046244;0.1728093;34;1;1.5;2;6;1;2;;1.7;1.7;1.5;1.7;1.1;2
0;3;1.1154479;1.06199;0.0534579;29;1;1.5;2;12;1;2;;1.8;1.8;1.6;2.4;1.1;4
0;4;12.9879275;6.8677894;6.1201381;30;1;1.5;2;16;1;2;;1.9;2.1;1.7;3;1.1;8
0;5;0.5841581;0.5761448;0.0080133;28;1;1;1;6;0;2;;;;;;;
0;6;8.0782404;1.293221;6.7850194;31;1;1.5;2;11;1;2;;;;;;;
0;7;5.3005043;5.2827596;0.0177447;32;1;1.5;2;12;1;2;;;;;;;
0;8;25.4437977;11.9479418;13.4958559;28;1;1.5;2;16;1;2;;;;;;;
0;9;14.515205;7.2367816;7.2784234;30;1;1.5;2;16;1;2;;;;;;;
1;2;4.4254758;2.3931749;2.0323009;32;1;1.5;2;9;1;2;;;;;;;
1;3;0.4009754;0.2706874;0.130288;27;1;1.5;2;9;1;2;;;;;;;
1;4;0.5300173;0.51449;0.0155273;28;1;1.5;2;12;1;2;;;;;;;
1;5;0.2874923;0.2033415;0.0841508;26;1;1;1;5;0;2;;;;;;;
1;6;3.675283;0.743573;2.93171;29;1;1.5;2;8;1;2;;;;;;;
1;7;3.1668805;2.2021881;0.9646924;30;1;1.5;2;13;1;2;;;;;;;
1;8;4.2694628;2.7003178;1.569145;26;1;1.5;2;13;1;2;;;;;;;
1;9;0.5889445;0.560392;0.0285525;28;1;1.5;2;13;1;2;;;;;;;
2;3;0.160939;0.061989;0.09895;31;1;2;2;8;0;2;;;;;;;
2;4;24.5943322;10.956394;13.6379382;32;1;2;2;21;0;2;;;;;;;
2;5;1.3627491;1.3250163;0.0377328;30;1;1.5;2;9;1;2;;;;;;;
2;6;18.0607811;0.0407274;18.0200537;33;1;2;2;7;0;2;;;;;;;
2;7;12.9838877;12.5096309;0.4742568;34;1;2;2;17;0;2;;;;;;;
2;8;26.9750616;4.9832433;21.9918183;30;1;2;2;17;0;2;;;;;;;
2;9;27.1381948;11.2352476;15.9029472;32;1;2;2;20;0;2;;;;;;;
3;4;0.5876236;0.389779;0.1978446;27;1;2;2;16;0;2;;;;;;;
3;5;0.1494853;0.1375775;0.0119078;25;1;1.5;2;8;1;2;;;;;;;
3;6;0.7704433;0.0263672;0.7440761;28;1;2;2;3;0;2;;;;;;;
3;7;1.0088363;0.9547094;0.0541269;29;1;2;2;17;0;2;;;;;;;
3;8;0.3810558;0.1555684;0.2254874;25;1;2;2;14;0;2;;;;;;;
3;9;0.6640406;0.4350135;0.2290271;27;1;2;2;18;0;2;;;;;;;
4;5;0.6489094;0.4309492;0.2179602;26;1;1.5;2;14;1;2;;;;;;;
4;6;10.4476934;2.0056179;8.4420755;29;1;2;2;18;0;2;;;;;;;
4;7;1.0631228;0.4423655;0.6207573;30;1;2;2;6;0;2;;;;;;;
4;8;1.490554;0.9406348;0.5499192;26;1;2;2;13;0;2;;;;;;;
4;9;0.0458011;0.0319553;0.0138458;28;1;2;2;2;0;2;;;;;;;
5;6;1.1073714;0.3212079;0.7861635;27;1;1.5;2;11;1;2;;;;;;;
5;7;0.9988386;0.9870626;0.011776;28;1;1.5;2;13;1;2;;;;;;;
5;8;1.0283857;0.6306883;0.3976974;24;1;1.5;2;12;1;2;;;;;;;
5;9;0.7202627;0.464474;0.2557887;26;1;1.5;2;13;1;2;;;;;;;
6;7;12.5663513;2.4352922;10.1310591;31;1;2;2;16;0;2;;;;;;;
6;8;10.7391298;0.753412;9.9857178;27;1;2;2;16;0;2;;;;;;;
6;9;10.7859491;2.135066;8.6508831;29;1;2;2;19;0;2;;;;;;;
7;8;8.4238201;4.0203424;4.4034777;28;1;2;2;15;0;2;;;;;;;
7;9;1.2183622;0.490756;0.7276062;30;1;2;2;7;0;2;;;;;;;
8;9;1.4828793;0.9519663;0.530913;26;1;2;2;12;0;2;;;;;;;
0;1;3.0150829;0.0501572;2.9649257;38;1;1.5;2;3;1;4;;;;;;;
0;2;0.9695021;0.0522007;0.9173014;39;1;1.5;2;4;1;4;;;;;;;
0;3;7.0588094;0.1069563;6.9518531;41;1;1.5;2;5;1;4;;;;;;;
0;4;0.6354279;0.0374214;0.5980065;35;1;1;1;0;0;4;;;;;;;
0;5;10.7466847;0.0539586;10.6927261;40;1;1.5;2;4;1;4;;;;;;;
0;6;1.8936874;0.1529137;1.7407737;40;1;1.5;2;5;1;4;;;;;;;
0;7;16.1147133;0.1008228;16.0138905;39;1;1.5;2;3;1;4;;;;;;;
0;8;8.3590004;0.1060635;8.2529369;41;1;1.5;2;5;1;4;;;;;;;
0;9;3.0604438;0.051471;3.0089728;39;1;1.5;2;3;1;4;;;;;;;
1;2;0.4379657;0.075967;0.3619987;41;1;2;2;1;0;4;;;;;;;
1;3;22.3484848;0.148239;22.2002458;43;1;2;2;12;0;4;;;;;;;
1;4;0.2662474;0.064933;0.2013144;37;1;1.5;2;3;1;4;;;;;;;
1;5;27.5437017;0.0709612;27.4727405;42;1;2;2;1;0;4;;;;;;;
1;6;1.1799776;0.4679661;0.7120115;42;1;2;2;12;0;4;;;;;;;
1;7;40.7609988;0.184348;40.5766508;41;1;2;2;6;0;4;;;;;;;
1;8;26.1370067;0.1494752;25.9875315;43;1;2;2;12;0;4;;;;;;;
1;9;3.9802119;0.0525938;3.9276181;41;1;2;2;0;0;4;;;;;;;
2;3;8.4917512;0.100806;8.3909452;44;1;2;2;9;0;4;;;;;;;
2;4;0.1067273;0.0429094;0.0638179;38;1;1.5;2;4;1;4;;;;;;;
2;5;9.9988405;0.0566292;9.9422113;43;1;2;2;0;0;4;;;;;;;
2;6;0.2405747;0.1127523;0.1278224;43;1;2;2;9;0;4;;;;;;;
2;7;18.3879319;0.0946149;18.293317;42;1;2;2;7;0;4;;;;;;;
2;8;10.1841589;0.1012512;10.0829077;44;1;2;2;9;0;4;;;;;;;
2;9;1.4890744;0.0529236;1.4361508;42;1;2;2;4;0;4;;;;;;;
3;4;6.4109354;0.0899711;6.3209643;40;1;1.5;2;5;1;4;;;;;;;
3;5;25.7448079;0.1135412;25.6312667;45;1;2;2;9;0;4;;;;;;;
3;6;8.8897866;0.1269244;8.7628622;45;1;2;2;0;0;4;;;;;;;
3;7;26.7908021;0.1278438;26.6629583;44;1;2;2;4;0;4;;;;;;;
3;8;17.9985263;0.1301262;17.8684001;46;1;2;2;0;0;4;;;;;;;
3;9;15.0228837;0.111621;14.9112627;44;1;2;2;15;0;4;;;;;;;
4;5;7.771354;0.0555616;7.7157924;39;1;1.5;2;4;1;4;;;;;;;
4;6;0.1540665;0.1237883;0.0302782;39;1;1.5;2;5;1;4;;;;;;;
4;7;14.5382063;0.0855657;14.4526406;38;1;1.5;2;3;1;4;;;;;;;
4;8;7.8409701;0.093168;7.7478021;40;1;1.5;2;5;1;4;;;;;;;
4;9;1.1247057;0.0524003;1.0723054;38;1;1.5;2;6;1;4;;;;;;;
5;6;19.9230501;0.1576845;19.7653656;44;1;2;2;9;0;4;;;;;;;
5;7;38.3099541;0.1166798;38.1932743;43;1;2;2;7;0;4;;;;;;;
5;8;28.8307019;0.1205167;28.7101852;45;1;2;2;9;0;4;;;;;;;
5;9;24.2071672;0.0560342;24.151133;43;1;2;2;4;0;4;;;;;;;
6;7;22.9831842;0.1288811;22.8543031;43;1;2;2;4;0;4;;;;;;;
6;8;10.8189918;0.1343934;10.6845984;45;1;2;2;0;0;4;;;;;;;
6;9;3.2415894;0.1653654;3.076224;43;1;2;2;15;0;4;;;;;;;
7;8;29.2348363;0.1327497;29.1020866;44;1;2;2;4;0;4;;;;;;;
7;9;26.2810819;0.127023;26.1540589;42;1;2;2;9;0;4;;;;;;;
8;9;17.8184691;0.1173975;17.7010716;44;1;2;2;15;0;4;;;;;;;
0;1;7.5099833;0.1266546;7.3833287;52;1;2;2;1;0;8;;;;;;;
0;2;37.1456798;0.2290357;36.9166441;59;1;2;2;8;0;8;;;;;;;
0;3;5.5585262;0.0913376;5.4671886;50;1;1.5;2;3;1;8;;;;;;;
0;4;47.3135223;0.1279578;47.1855645;52;1;2;2;1;0;8;;;;;;;
0;5;9.0740631;0.2241484;8.8499147;56;1;2;2;8;0;8;;;;;;;
0;6;67.5855301;0.1993677;67.3861624;58;1;2;2;6;0;8;;;;;;;
0;7;42.8593601;0.2276226;42.6317375;59;1;2;2;8;0;8;;;;;;;
0;8;14.0965698;0.1213566;13.9752132;51;1;2;2;0;0;8;;;;;;;
0;9;6.0502135;0.1277087;5.9225048;52;1;2;2;4;0;8;;;;;;;
1;2;21.1024621;0.2284325;20.8740296;61;1;2;2;9;0;8;;;;;;;
1;3;3.4006742;0.0962794;3.3043948;52;1;1.5;2;4;1;8;;;;;;;
1;4;27.3504983;0.1183196;27.2321787;54;1;2;2;0;0;8;;;;;;;
1;5;5.7963911;0.2171645;5.5792266;58;1;2;2;9;0;8;;;;;;;
1;6;43.1071628;0.2098256;42.8973372;60;1;2;2;7;0;8;;;;;;;
1;7;24.641558;0.2289268;24.4126312;61;1;2;2;9;0;8;;;;;;;
1;8;8.637912;0.1309883;8.5069237;53;1;2;2;1;0;8;;;;;;;
1;9;5.7638631;0.135964;5.6278991;54;1;2;2;4;0;8;;;;;;;
2;3;15.8197924;0.2012976;15.6184948;59;1;1.5;2;5;1;8;;;;;;;
2;4;51.4133043;0.2411317;51.1721726;61;1;2;2;9;0;8;;;;;;;
2;5;22.6254399;0.3059855;22.3194544;65;1;2;2;0;0;8;;;;;;;
2;6;59.4419665;0.2951993;59.1467672;67;1;2;2;4;0;8;;;;;;;
2;7;40.1182997;0.309606;39.8086937;68;1;2;2;0;0;8;;;;;;;
2;8;30.1973327;0.2321491;29.9651836;60;1;2;2;8;0;8;;;;;;;
2;9;35.8546263;0.2398884;35.6147379;61;1;2;2;9;0;8;;;;;;;
3;4;20.5738094;0.1137644;20.460045;52;1;1.5;2;4;1;8;;;;;;;
3;5;4.2298428;0.1878816;4.0419612;56;1;1.5;2;5;1;8;;;;;;;
3;6;32.2569086;0.1791858;32.0777228;58;1;1.5;2;3;1;8;;;;;;;
3;7;18.1485206;0.1997822;17.9487384;59;1;1.5;2;5;1;8;;;;;;;
3;8;6.3899557;0.1111195;6.2788362;51;1;1.5;2;3;1;8;;;;;;;
3;9;4.209278;0.1384769;4.0708011;52;1;1.5;2;4;1;8;;;;;;;
4;5;37.9107604;0.237408;37.6733524;58;1;2;2;9;0;8;;;;;;;
4;6;74.6357004;0.2215501;74.4141503;60;1;2;2;7;0;8;;;;;;;
4;7;54.649073;0.2405296;54.4085434;61;1;2;2;9;0;8;;;;;;;
4;8;44.0051599;0.9976565;43.0075034;53;1;2;2;1;0;8;;;;;;;
4;9;42.7148521;0.1398424;42.5750097;54;1;2;2;4;0;8;;;;;;;
5;6;47.9241603;0.2822719;47.6418884;64;1;2;2;4;0;8;;;;;;;
5;7;25.6611099;0.2974092;25.3637007;65;1;2;2;0;0;8;;;;;;;
5;8;11.2693695;0.2273348;11.0420347;57;1;2;2;8;0;8;;;;;;;
5;9;6.1323931;0.2395997;5.8927934;58;1;2;2;9;0;8;;;;;;;
6;7;62.3037558;0.2873333;62.0164225;67;1;2;2;4;0;8;;;;;;;
6;8;52.7544115;0.2224895;52.531922;59;1;2;2;6;0;8;;;;;;;
6;9;63.9175842;0.2555949;63.6619893;60;1;2;2;7;0;8;;;;;;;
7;8;34.2170118;0.2449338;33.972078;60;1;2;2;8;0;8;;;;;;;
7;9;42.2930514;0.2527596;42.0402918;61;1;2;2;9;0;8;;;;;;;
8;9;10.6448418;0.1293185;10.5155233;53;1;2;2;4;0;8;;;;;;;
0;1;0.1596802;0.1293808;0.0302994;23;1;1.5;2;13;1;2;;;;;;;
0;2;0.6685571;0.3193277;0.3492294;24;1;1.5;2;15;1;2;;;;;;;
0;3;2.2753706;2.2676639;0.0077067;27;1;1;1;12;0;2;;;;;;;
0;4;0.3176966;0.3045383;0.0131583;24;1;1.5;2;13;1;2;;;;;;;
0;5;0.2057953;0.1949188;0.0108765;24;1;1.5;2;12;1;2;;;;;;;
0;6;0.4727268;0.2093578;0.263369;22;1;1.5;2;11;1;2;;;;;;;
0;7;0.9161706;0.3743936;0.541777;23;1;1.5;2;12;1;2;;;;;;;
0;8;0.4452821;0.3858673;0.0594148;24;1;1;1;12;0;2;;;;;;;
0;9;0.1529244;0.1430019;0.0099225;23;1;1.5;2;10;1;2;;;;;;;
1;2;3.0259326;0.0316514;2.9942812;29;1;2;2;3;0;2;;;;;;;
1;3;26.3273022;12.5885487;13.7387535;32;1;1.5;2;16;1;2;;;;;;;
1;4;0.8136634;0.1558829;0.6577805;29;1;2;2;6;0;2;;;;;;;
1;5;0.6689295;0.3112195;0.35771;29;1;2;2;16;0;2;;;;;;;
1;6;2.1973495;0.113489;2.0838605;27;1;2;2;10;0;2;;;;;;;
1;7;4.5152696;0.1772386;4.338031;28;1;2;2;11;0;2;;;;;;;
1;8;1.3277;0.657881;0.669819;29;1;1.5;2;12;1;2;;;;;;;
1;9;0.285542;0.0776636;0.2078784;28;1;2;2;7;0;2;;;;;;;
2;3;29.3102286;4.1638343;25.1463943;33;1;1.5;2;14;1;2;;;;;;;
2;4;3.2997484;0.1497914;3.149957;30;1;2;2;5;0;2;;;;;;;
2;5;8.0253734;0.8272398;7.1981336;30;1;2;2;17;0;2;;;;;;;
2;6;1.6901427;0.1101816;1.5799611;28;1;2;2;8;0;2;;;;;;;
2;7;2.8664117;0.1251993;2.7412124;29;1;2;2;9;0;2;;;;;;;
2;8;19.8297313;0.9242816;18.9054497;30;1;1.5;2;12;1;2;;;;;;;
2;9;2.2078355;0.159309;2.0485265;29;1;2;2;8;0;2;;;;;;;
3;4;2.6742697;2.4952969;0.1789728;33;1;1.5;2;12;1;2;;;;;;;
3;5;58.3413381;58.1087942;0.2325439;33;1;1.5;2;16;1;2;;;;;;;
3;6;11.9567276;2.3995277;9.5571999;31;1;1.5;2;11;1;2;;;;;;;
3;7;20.1292008;2.7987464;17.3304544;32;1;1.5;2;10;1;2;;;;;;;
3;8;17.8023444;11.1154712;6.6868732;33;1;1;1;11;0;2;;;;;;;
3;9;7.5203171;7.0509278;0.4693893;32;1;1.5;2;12;1;2;;;;;;;
4;5;1.0168639;0.8470858;0.1697781;30;1;2;2;16;0;2;;;;;;;
4;6;2.3203915;0.0306196;2.2897719;28;1;2;2;6;0;2;;;;;;;
4;7;3.9718199;0.0267162;3.9451037;29;1;2;2;5;0;2;;;;;;;
4;8;4.1268135;0.6914097;3.4354038;30;1;1.5;2;11;1;2;;;;;;;
4;9;0.0616997;0.0417674;0.0199323;29;1;2;2;5;0;2;;;;;;;
5;6;3.6168506;0.4354136;3.181437;28;1;2;2;15;0;2;;;;;;;
5;7;11.0388504;0.991454;10.0473964;29;1;2;2;15;0;2;;;;;;;
5;8;4.327679;1.2232652;3.1044138;30;1;1.5;2;13;1;2;;;;;;;
5;9;0.4307698;0.3562917;0.0744781;29;1;2;2;17;0;2;;;;;;;
6;7;0.0363669;0.0241427;0.0122242;27;1;2;2;1;0;2;;;;;;;
6;8;8.7923147;0.4461247;8.34619;28;1;1.5;2;12;1;2;;;;;;;
6;9;1.7395461;0.0394951;1.700051;27;1;2;2;3;0;2;;;;;;;
7;8;15.3579002;0.6913786;14.6665216;29;1;1.5;2;11;1;2;;;;;;;
7;9;3.4424046;0.0399976;3.402407;28;1;2;2;4;0;2;;;;;;;
8;9;1.9191089;0.5697586;1.3493503;29;1;1.5;2;12;1;2;;;;;;;
0;1;3.6004698;0.0986867;3.5017831;36;1;2;2;0;0;4;;;;;;;
0;2;13.9954467;0.0853918;13.9100549;37;1;1.5;2;4;1;4;;;;;;;
0;3;0.7936128;0.0889447;0.7046681;35;1;2;2;0;0;4;;;;;;;
0;4;0.538704;0.1422974;0.3964066;32;1;2;2;10;0;4;;;;;;;
0;5;2.5544494;0.0964017;2.4580477;33;1;2;2;3;0;4;;;;;;;
0;6;5.1960567;0.0976527;5.098404;34;1;2;2;3;0;4;;;;;;;
0;7;0.8731083;0.0939738;0.7791345;35;1;1.5;2;4;1;4;;;;;;;
0;8;0.3428571;0.0955895;0.2472676;34;1;2;2;2;0;4;;;;;;;
0;9;3.5676143;0.0862901;3.4813242;33;1;2;2;4;0;4;;;;;;;
1;2;25.5091751;0.0855804;25.4235947;39;1;1.5;2;4;1;4;;;;;;;
1;3;3.6984623;0.0954749;3.6029874;37;1;2;2;0;0;4;;;;;;;
1;4;7.8059572;0.150761;7.6551962;34;1;2;2;10;0;4;;;;;;;
1;5;2.4790928;0.0991254;2.3799674;35;1;2;2;3;0;4;;;;;;;
1;6;4.0151344;0.100855;3.9142794;36;1;2;2;3;0;4;;;;;;;
1;7;19.3942559;0.0948831;19.2993728;37;1;1.5;2;4;1;4;;;;;;;
1;8;2.6167967;0.0983004;2.5184963;36;1;2;2;2;0;4;;;;;;;
1;9;3.5642492;0.0775941;3.4866551;35;1;2;2;4;0;4;;;;;;;
2;3;0.2711141;0.0818907;0.1892234;38;1;1.5;2;4;1;4;;;;;;;
2;4;0.4090505;0.1694281;0.2396224;35;1;1.5;2;4;1;4;;;;;;;
2;5;9.6938387;0.0810936;9.6127451;36;1;1.5;2;2;1;4;;;;;;;
2;6;17.5277203;0.0823316;17.4453887;37;1;1.5;2;2;1;4;;;;;;;
2;7;6.7611043;0.0785525;6.6825518;38;1;1;1;0;0;4;;;;;;;
2;8;0.5551466;0.079887;0.4752596;37;1;1.5;2;3;1;4;;;;;;;
2;9;39.1664696;0.1012386;39.065231;36;1;1.5;2;12;1;4;;;;;;;
3;4;0.3275202;0.1427946;0.1847256;33;1;2;2;10;0;4;;;;;;;
3;5;2.7227106;0.0958769;2.6268337;34;1;2;2;3;0;4;;;;;;;
3;6;4.7452776;0.0973153;4.6479623;35;1;2;2;3;0;4;;;;;;;
3;7;3.6356093;0.0890353;3.546574;36;1;1.5;2;4;1;4;;;;;;;
3;8;0.130796;0.0938909;0.0369051;35;1;2;2;2;0;4;;;;;;;
3;9;4.3551585;0.0838649;4.2712936;34;1;2;2;9;0;4;;;;;;;
4;5;3.7130704;0.1818725;3.5311979;31;1;2;2;6;0;4;;;;;;;
4;6;10.9251245;0.1855475;10.739577;32;1;2;2;6;0;4;;;;;;;
4;7;3.3804102;0.1864773;3.1939329;33;1;1.5;2;4;1;4;;;;;;;
4;8;0.2159878;0.1317467;0.0842411;32;1;2;2;9;0;4;;;;;;;
4;9;8.2238393;0.1997992;8.0240401;31;1;2;2;17;0;4;;;;;;;
5;6;1.157035;0.0932635;1.0637715;33;1;2;2;0;0;4;;;;;;;
5;7;8.6904916;0.0910488;8.5994428;34;1;1.5;2;2;1;4;;;;;;;
5;8;2.1330851;0.0961895;2.0368956;33;1;2;2;1;0;4;;;;;;;
5;9;4.2285833;0.0981779;4.1304054;32;1;2;2;12;0;4;;;;;;;
6;7;16.2533817;0.944657;15.3087247;35;1;1.5;2;2;1;4;;;;;;;
6;8;4.2198916;0.096611;4.1232806;34;1;2;2;1;0;4;;;;;;;
6;9;7.6430635;0.1000911;7.5429724;33;1;2;2;13;0;4;;;;;;;
7;8;1.5212635;0.0900624;1.4312011;35;1;1.5;2;3;1;4;;;;;;;
7;9;20.0422468;0.0812426;19.9610042;34;1;1.5;2;12;1;4;;;;;;;
8;9;2.8102004;0.0913637;2.7188367;33;1;2;2;11;0;4;;;;;;;
0;1;56.3680426;0.2876257;56.0804169;60;1;2;2;4;0;8;;;;;;;
0;2;8.1275741;0.278468;7.8491061;56;1;2;2;0;0;8;;;;;;;
0;3;17.9462747;3.4656276;14.4806471;63;1;2.5;3;8;1;8;;;;;;;
0;4;8.6865082;0.3396189;8.3468893;57;1;2;2;0;0;8;;;;;;;
0;5;13.8121935;1.205845;12.6063485;58;1;2;2;0;0;8;;;;;;;
0;6;30.8289403;0.3087369;30.5202034;58;1;2;2;4;0;8;;;;;;;
0;7;6.6663019;0.3455783;6.3207236;55;1;2;2;0;0;8;;;;;;;
0;8;10.7415118;0.2460614;10.4954504;55;1;2;2;0;0;8;;;;;;;
0;9;57.2475976;0.2951776;56.95242;63;1;2;2;4;0;8;;;;;;;
1;2;19.8413651;0.2944976;19.5468675;58;1;2;2;4;0;8;;;;;;;
1;3;27.5158814;3.5760034;23.939878;65;1;2.5;3;7;1;8;;;;;;;
1;4;34.4209049;0.3377973;34.0831076;59;1;2;2;2;0;8;;;;;;;
1;5;49.0423216;0.3379801;48.7043415;60;1;2;2;2;0;8;;;;;;;
1;6;35.1359743;0.3468596;34.7891147;60;1;2;2;0;0;8;;;;;;;
1;7;20.1977491;0.3528887;19.8448604;57;1;2;2;3;0;8;;;;;;;
1;8;76.8448798;0.2793895;76.5654903;57;1;2;2;4;0;8;;;;;;;
1;9;58.1206225;0.3245767;57.7960458;65;1;2;2;0;0;8;;;;;;;
2;3;6.096397;4.3981031;1.6982939;61;1;2.5;3;8;1;8;;;;;;;
2;4;6.3744126;0.3320886;6.042324;55;1;2;2;0;0;8;;;;;;;
2;5;11.3891602;0.3612596;11.0279006;56;1;2;2;0;0;8;;;;;;;
2;6;7.05569;0.2922504;6.7634396;56;1;2;2;4;0;8;;;;;;;
2;7;1.3702432;0.3233385;1.0469047;53;1;2;2;0;0;8;;;;;;;
2;8;8.8763514;0.2308348;8.6455166;53;1;2;2;0;0;8;;;;;;;
2;9;26.4105553;0.2853115;26.1252438;61;1;2;2;4;0;8;;;;;;;
3;4;12.1278389;3.740669;8.3871699;62;1;2.5;3;8;1;8;;;;;;;
3;5;25.0573597;4.3647351;20.6926246;63;1;2.5;3;8;1;8;;;;;;;
3;6;10.9000957;3.6822751;7.2178206;63;1;2.5;3;7;1;8;;;;;;;
3;7;5.1339109;4.1807695;0.9531414;60;1;2.5;3;8;1;8;;;;;;;
3;8;18.3648566;3.2749504;15.0899062;60;1;2.5;3;8;1;8;;;;;;;
3;9;42.4800367;4.7557804;37.7242563;68;1;2.5;3;7;1;8;;;;;;;
4;5;9.04758;0.3479813;8.6995987;57;1;2;2;0;0;8;;;;;;;
4;6;15.490989;0.3340968;15.1568922;57;1;2;2;2;0;8;;;;;;;
4;7;5.1173816;0.3381845;4.7791971;54;1;2;2;0;0;8;;;;;;;
4;8;10.4664086;0.2809849;10.1854237;54;1;2;2;0;0;8;;;;;;;
4;9;37.6372304;0.3175671;37.3196633;62;1;2;2;2;0;8;;;;;;;
5;6;27.1842315;0.3296446;26.8545869;58;1;2;2;2;0;8;;;;;;;
5;7;9.8776644;0.3470963;9.5305681;55;1;2;2;0;0;8;;;;;;;
5;8;16.4843335;0.2840293;16.2003042;55;1;2;2;0;0;8;;;;;;;
5;9;50.4732706;0.3327553;50.1405153;63;1;2;2;2;0;8;;;;;;;
6;7;3.6872593;0.3680217;3.3192376;55;1;2;2;3;0;8;;;;;;;
6;8;32.329135;0.3037842;32.0253508;55;1;2;2;4;0;8;;;;;;;
6;9;63.2782501;0.3447018;62.9335483;63;1;2;2;0;0;8;;;;;;;
7;8;7.0020514;0.3054172;6.6966342;52;1;2;2;0;0;8;;;;;;;
7;9;26.076169;0.3299499;25.7462191;60;1;2;2;3;0;8;;;;;;;
8;9;78.7983828;0.2517952;78.5465876;60;1;2;2;4;0;8;;;;;;;
0;1;1.0943509;0.9029404;0.1914105;28;1;1;1;10;0;2;;;;;;;
0;2;36.4899457;8.9084106;27.5815351;35;1;1.5;2;10;1;2;;;;;;;
0;3;1.0598735;0.0318636;1.0280099;29;1;1;1;8;0;2;;;;;;;
0;4;15.6387866;11.0959372;4.5428494;31;1;1.5;2;17;1;2;;;;;;;
0;5;8.348846;0.9719172;7.3769288;31;1;1;1;7;0;2;;;;;;;
0;6;41.7426631;17.3617958;24.3808673;35;1;2;3;17;1;2;;;;;;;
0;7;0.2428139;0.0355173;0.2072966;29;1;1;1;5;0;2;;;;;;;
0;8;5.450426;2.7130504;2.7373756;29;1;1;1;9;0;2;;;;;;;
0;9;0.4894041;0.4653973;0.0240068;32;1;1.5;2;10;1;2;;;;;;;
1;2;1.1757829;0.7538263;0.4219566;29;1;1.5;2;14;1;2;;;;;;;
1;3;0.1916464;0.0656931;0.1259533;23;1;1;1;6;0;2;;;;;;;
1;4;0.1015833;0.0917248;0.0098585;25;1;1.5;2;11;1;2;;;;;;;
1;5;0.5446819;0.0312964;0.5133855;25;1;1;1;5;0;2;;;;;;;
1;6;0.6173211;0.6036158;0.0137053;29;1;2;3;14;1;2;;;;;;;
1;7;0.0704621;0.062591;0.0078711;23;1;1;1;5;0;2;;;;;;;
1;8;0.0398368;0.0154644;0.0243724;23;1;1;1;3;0;2;;;;;;;
1;9;0.2584915;0.1686511;0.0898404;26;1;1.5;2;12;1;2;;;;;;;
2;3;4.6241101;0.4454975;4.1786126;30;1;1.5;2;13;1;2;;;;;;;
2;4;14.440487;7.5592315;6.8812555;32;1;2;2;21;0;2;;;;;;;
2;5;47.8050743;3.6878765;44.1171978;32;1;1.5;2;13;1;2;;;;;;;
2;6;53.4739483;4.0634234;49.4105249;36;1;2.5;3;9;1;2;;;;;;;
2;7;1.5980643;0.6238841;0.9741802;30;1;1.5;2;10;1;2;;;;;;;
2;8;2.2219929;2.2109488;0.0110441;30;1;1.5;2;11;1;2;;;;;;;
2;9;7.4239299;4.3056571;3.1182728;33;1;2;2;4;0;2;;;;;;;
3;4;2.0130321;0.5754198;1.4376123;26;1;1.5;2;14;1;2;;;;;;;
3;5;0.1344926;0.127314;0.0071786;26;1;1;1;3;0;2;;;;;;;
3;6;2.5745845;0.6813859;1.8931986;30;1;2;3;15;1;2;;;;;;;
3;7;0.1131416;0.0148704;0.0982712;24;1;1;1;3;0;2;;;;;;;
3;8;0.4875437;0.1250443;0.3624994;24;1;1;1;8;0;2;;;;;;;
3;9;1.2617665;0.0399602;1.2218063;27;1;1.5;2;12;1;2;;;;;;;
4;5;9.9177033;0.8352909;9.0824124;28;1;1.5;2;14;1;2;;;;;;;
4;6;3.8222721;3.7969416;0.0253305;32;1;2.5;3;21;1;2;;;;;;;
4;7;0.5218247;0.4923768;0.0294479;26;1;1.5;2;13;1;2;;;;;;;
4;8;0.3449395;0.1510359;0.1939036;26;1;1.5;2;13;1;2;;;;;;;
4;9;1.8295077;1.1362744;0.6932333;29;1;2;2;18;0;2;;;;;;;
5;6;29.8043639;3.1120111;26.6923528;32;1;2;3;15;1;2;;;;;;;
5;7;0.6065354;0.1707471;0.4357883;26;1;1;1;4;0;2;;;;;;;
5;8;1.7275208;0.0539835;1.6735373;26;1;1;1;7;0;2;;;;;;;
5;9;10.1954292;1.3226868;8.8727424;29;1;1.5;2;13;1;2;;;;;;;
6;7;0.9881612;0.9463224;0.0418388;30;1;2;3;14;1;2;;;;;;;
6;8;3.026336;1.8325244;1.1938116;30;1;2;3;16;1;2;;;;;;;
6;9;6.9101835;3.17011;3.7400735;33;1;2.5;3;8;1;2;;;;;;;
7;8;0.238404;0.134161;0.104243;24;1;1;1;6;0;2;;;;;;;
7;9;0.3114029;0.0380229;0.27338;27;1;1.5;2;9;1;2;;;;;;;
8;9;0.7404544;0.4045742;0.3358802;27;1;1.5;2;11;1;2;;;;;;;
0;1;28.4712693;0.0613948;28.4098745;42;1;1.5;2;4;1;4;;;;;;;
0;2;1.3439695;0.0405051;1.3034644;38;1;1;1;0;0;4;;;;;;;
0;3;4.9571341;0.0910764;4.8660577;43;1;1.5;2;5;1;4;;;;;;;
0;4;8.1513401;0.0406296;8.1107105;38;1;1;1;0;0;4;;;;;;;
0;5;24.9832931;0.0721663;24.9111268;45;1;2;3;7;1;4;;;;;;;
0;6;0.4182023;0.0352217;0.3829806;36;1;1;1;0;0;4;;;;;;;
0;7;2.9793772;0.0343959;2.9449813;38;1;1;1;0;0;4;;;;;;;
0;8;0.419054;0.0507739;0.3682801;41;1;1.5;2;4;1;4;;;;;;;
0;9;28.3397836;0.052321;28.2874626;41;1;1.5;2;4;1;4;;;;;;;
1;2;33.4167823;0.0479638;33.3688185;42;1;1.5;2;4;1;4;;;;;;;
1;3;49.668105;0.1485849;49.5195201;47;1;2;2;9;0;4;;;;;;;
1;4;83.2100775;0.0523121;83.1577654;42;1;1.5;2;4;1;4;;;;;;;
1;5;125.6768848;0.0783588;125.598526;49;1;2.5;3;3;1;4;;;;;;;
1;6;29.0111234;0.0451086;28.9660148;40;1;1.5;2;4;1;4;;;;;;;
1;7;32.040824;0.0659677;31.9748563;42;1;1.5;2;4;1;4;;;;;;;
1;8;39.7265395;0.05875;39.6677895;45;1;2;2;0;0;4;;;;;;;
1;9;37.5951007;0.0772697;37.517831;45;1;2;2;0;0;4;;;;;;;
2;3;7.7750189;0.1094925;7.6655264;43;1;1.5;2;5;1;4;;;;;;;
2;4;8.4479828;0.0381645;8.4098183;38;1;1;1;0;0;4;;;;;;;
2;5;29.0279286;0.0755472;28.9523814;45;1;2;3;7;1;4;;;;;;;
2;6;1.3575357;0.036992;1.3205437;36;1;1;1;0;0;4;;;;;;;
2;7;4.1752812;0.0426774;4.1326038;38;1;1;1;0;0;4;;;;;;;
2;8;2.8540156;0.0552757;2.7987399;41;1;1.5;2;4;1;4;;;;;;;
2;9;32.381076;0.0561647;32.3249113;41;1;1.5;2;9;1;4;;;;;;;
3;4;25.5686571;0.1155324;25.4531247;43;1;1.5;2;5;1;4;;;;;;;
3;5;38.9984299;0.1280978;38.8703321;50;1;2.5;3;15;1;4;;;;;;;
3;6;5.0770936;0.1015502;4.9755434;41;1;1.5;2;5;1;4;;;;;;;
3;7;9.134834;0.092088;9.042746;43;1;1.5;2;5;1;4;;;;;;;
3;8;6.9637091;0.1129348;6.8507743;46;1;2;2;9;0;4;;;;;;;
3;9;44.981052;0.1182495;44.8628025;46;1;2;2;13;0;4;;;;;;;
4;5;66.8456426;0.0753949;66.7702477;45;1;2;3;7;1;4;;;;;;;
4;6;8.0580774;0.0341132;8.0239642;36;1;1;1;0;0;4;;;;;;;
4;7;11.902495;0.0485721;11.8539229;38;1;1;1;0;0;4;;;;;;;
4;8;20.0555431;0.0598153;19.9957278;41;1;1.5;2;4;1;4;;;;;;;
4;9;72.9151811;0.0574177;72.8577634;41;1;1.5;2;9;1;4;;;;;;;
5;6;24.9652716;0.0688525;24.8964191;43;1;2;3;7;1;4;;;;;;;
5;7;31.1659505;0.0711973;31.0947532;45;1;2;3;7;1;4;;;;;;;
5;8;34.4264952;0.0719535;34.3545417;48;1;2.5;3;3;1;4;;;;;;;
5;9;94.9012549;0.0740193;94.8272356;48;1;2.5;3;8;1;4;;;;;;;
6;7;3.0934644;0.0442101;3.0492543;36;1;1;1;0;0;4;;;;;;;
6;8;0.6373546;0.0578745;0.5794801;39;1;1.5;2;4;1;4;;;;;;;
6;9;29.0684704;0.0506272;29.0178432;39;1;1.5;2;9;1;4;;;;;;;
7;8;4.5755087;0.0582188;4.5172899;41;1;1.5;2;4;1;4;;;;;;;
7;9;29.2637976;0.05493;29.2088676;41;1;1.5;2;7;1;4;;;;;;;
8;9;40.872737;0.1247012;40.7480358;44;1;2;2;4;0;4;;;;;;;
0;1;63.7229062;0.1029993;63.6199069;62;1;1.5;2;4;1;8;;;;;;;
0;2;93.3398094;0.2237246;93.1160848;68;1;2;2;9;0;8;;;;;;;
0;3;123.2941129;0.1000389;123.194074;61;1;1.5;2;4;1;8;;;;;;;
0;4;202.162636;0.1517559;202.0108801;65;1;2.5;3;3;1;8;;;;;;;
0;5;57.7729954;0.0942931;57.6787023;58;1;1.5;2;4;1;8;;;;;;;
0;6;64.6273494;0.0966893;64.5306601;60;1;1.5;2;4;1;8;;;;;;;
0;7;78.2882183;0.1135568;78.1746615;61;1;2;2;0;0;8;;;;;;;
0;8;112.0635259;0.1297468;111.9337791;61;1;2;2;0;0;8;;;;;;;
0;9;158.0228355;0.1219876;157.9008479;60;1;2;2;0;0;8;;;;;;;
1;2;15.1024114;0.2104997;14.8919117;68;1;1.5;2;5;1;8;;;;;;;
1;3;18.2387897;0.0883805;18.1504092;61;1;1;1;0;0;8;;;;;;;
1;4;57.737266;0.1583852;57.5788808;65;1;2;3;7;1;8;;;;;;;
1;5;3.5424266;0.0837695;3.4586571;58;1;1;1;0;0;8;;;;;;;
1;6;9.0490688;0.0877279;8.9613409;60;1;1;1;0;0;8;;;;;;;
1;7;5.832658;0.1170964;5.7155616;61;1;1.5;2;4;1;8;;;;;;;
1;8;65.2757296;0.1241907;65.1515389;61;1;1.5;2;4;1;8;;;;;;;
1;9;69.5957389;0.1190892;69.4766497;60;1;1.5;2;4;1;8;;;;;;;
2;3;43.1179821;0.2096359;42.9083462;67;1;1.5;2;5;1;8;;;;;;;
2;4;79.4392381;0;79.4392381;71;1;2.5;3;NaN;1;8;;;;;;;
2;5;11.3149928;0.1955739;11.1194189;64;1;1.5;2;5;1;8;;;;;;;
2;6;19.1994858;0.2002534;18.9992324;66;1;1.5;2;5;1;8;;;;;;;
2;7;14.7979077;0.2185873;14.5793204;67;1;2;2;9;0;8;;;;;;;
2;8;88.8028868;0.2230785;88.5798083;67;1;2;2;9;0;8;;;;;;;
2;9;99.1308327;0.2542382;98.8765945;66;1;2;2;9;0;8;;;;;;;
3;4;107.5588244;0.1471518;107.4116726;64;1;2;3;7;1;8;;;;;;;
3;5;16.7799715;0.0775414;16.7024301;57;1;1;1;0;0;8;;;;;;;
3;6;23.1650492;0.0799386;23.0851106;59;1;1;1;0;0;8;;;;;;;
3;7;32.9460498;0.1108731;32.8351767;60;1;1.5;2;4;1;8;;;;;;;
3;8;113.0911847;0.1150017;112.976183;60;1;1.5;2;4;1;8;;;;;;;
3;9;125.2161552;0.1184277;125.0977275;59;1;1.5;2;4;1;8;;;;;;;
4;5;51.0105278;0.1414195;50.8691083;61;1;2;3;7;1;8;;;;;;;
4;6;62.3840936;0.143802;62.2402916;63;1;2;3;7;1;8;;;;;;;
4;7;66.6961721;0.1490941;66.547078;64;1;2.5;3;3;1;8;;;;;;;
4;8;172.3609766;0.1517583;172.2092183;64;1;2.5;3;3;1;8;;;;;;;
4;9;209.7996336;0.1688547;209.6307789;63;1;2.5;3;3;1;8;;;;;;;
5;6;6.7423182;0.0788084;6.6635098;56;1;1;1;0;0;8;;;;;;;
5;7;2.0897629;0.1032185;1.9865444;57;1;1.5;2;4;1;8;;;;;;;
5;8;57.7325988;0.1059628;57.626636;57;1;1.5;2;4;1;8;;;;;;;
5;9;61.7787207;0.1207148;61.6580059;56;1;1.5;2;4;1;8;;;;;;;
6;7;10.4967972;0.1120714;10.3847258;59;1;1.5;2;4;1;8;;;;;;;
6;8;63.5944329;0.1180864;63.4763465;59;1;1.5;2;4;1;8;;;;;;;
6;9;70.0886213;0.1210296;69.9675917;58;1;1.5;2;4;1;8;;;;;;;
7;8;82.2275173;0.1227844;82.1047329;60;1;2;2;0;0;8;;;;;;;
7;9;88.0677376;0.1229055;87.9448321;59;1;2;2;0;0;8;;;;;;;
8;9;128.273707;0.1318075;128.1418995;59;1;2;2;0;0;8;;;;;;;
0;1;0.2368785;0.217793;0.0190855;28;1;2;2;17;0;2;;;;;;;
0;2;0.094332;0.0699238;0.0244082;24;1;2;2;15;0;2;;;;;;;
0;3;1.0909982;0.0772889;1.0137093;26;1;1.5;2;14;1;2;;;;;;;
0;4;0.5826737;0.1366868;0.4459869;26;1;2;2;17;0;2;;;;;;;
0;5;0.5758574;0.2750887;0.3007687;24;1;1.5;2;13;1;2;;;;;;;
0;6;0.1560608;0.1394392;0.0166216;26;1;2;2;16;0;2;;;;;;;
0;7;0.6702763;0.2276645;0.4426118;25;1;2;2;12;0;2;;;;;;;
0;8;0.9855845;0.4876881;0.4978964;25;1;1.5;2;14;1;2;;;;;;;
0;9;0.6002124;0.0850151;0.5151973;27;1;2;2;7;0;2;;;;;;;
1;2;0.2253308;0.0533274;0.1720034;30;1;2;2;9;0;2;;;;;;;
1;3;32.9765188;1.271182;31.7053368;32;1;1.5;2;12;1;2;;;;;;;
1;4;4.4364931;0.0340507;4.4024424;32;1;2;2;7;0;2;;;;;;;
1;5;10.3438835;2.0248351;8.3190484;30;1;1.5;2;13;1;2;;;;;;;
1;6;0.0548975;0.0408957;0.0140018;32;1;2;2;4;0;2;;;;;;;
1;7;27.3215736;3.9345475;23.3870261;31;1;2;2;22;0;2;;;;;;;
1;8;14.9344808;2.5939897;12.3404911;31;1;1.5;2;11;1;2;;;;;;;
1;9;131.0599106;4.5223033;126.5376073;33;1;2;2;20;0;2;;;;;;;
2;3;3.8436096;0.3120039;3.5316057;28;1;1.5;2;13;1;2;;;;;;;
2;4;0.7425531;0.0357324;0.7068207;28;1;2;2;6;0;2;;;;;;;
2;5;1.1087792;0.4551286;0.6536506;26;1;1.5;2;11;1;2;;;;;;;
2;6;0.1217198;0.0354852;0.0862346;28;1;2;2;5;0;2;;;;;;;
2;7;2.5891368;0.5409559;2.0481809;27;1;2;2;18;0;2;;;;;;;
2;8;1.6721948;0.7654105;0.9067843;27;1;1.5;2;12;1;2;;;;;;;
2;9;5.0674773;0.3817041;4.6857732;29;1;2;2;17;0;2;;;;;;;
3;4;18.2112713;0.7604461;17.4508252;30;1;1.5;2;11;1;2;;;;;;;
3;5;2.0372565;1.3501904;0.6870661;28;1;1;1;9;0;2;;;;;;;
3;6;18.8854923;0.8124928;18.0729995;30;1;1.5;2;12;1;2;;;;;;;
3;7;4.4315756;3.2881088;1.1434668;29;1;1.5;2;16;1;2;;;;;;;
3;8;2.7516674;1.770125;0.9815424;29;1;1;1;7;0;2;;;;;;;
3;9;3.2882769;2.1634822;1.1247947;31;1;1.5;2;13;1;2;;;;;;;
4;5;3.6901354;1.1238812;2.5662542;28;1;1.5;2;14;1;2;;;;;;;
4;6;2.381386;0.0400106;2.3413754;30;1;2;2;7;0;2;;;;;;;
4;7;11.0191649;2.1691378;8.8500271;29;1;2;2;19;0;2;;;;;;;
4;8;4.936187;1.3522028;3.5839842;29;1;1.5;2;13;1;2;;;;;;;
4;9;30.2537923;1.8925434;28.3612489;31;1;2;2;19;0;2;;;;;;;
5;6;6.3606098;1.3554575;5.0051523;28;1;1.5;2;11;1;2;;;;;;;
5;7;0.2919379;0.066469;0.2254689;27;1;1.5;2;11;1;2;;;;;;;
5;8;0.283545;0.2754151;0.0081299;27;1;1;1;3;0;2;;;;;;;
5;9;7.1873579;3.5451293;3.6422286;29;1;1.5;2;14;1;2;;;;;;;
6;7;12.745415;1.9517021;10.7937129;29;1;2;2;20;0;2;;;;;;;
6;8;9.9198745;1.7836082;8.1362663;29;1;1.5;2;10;1;2;;;;;;;
6;9;49.7714771;2.0826294;47.6888477;31;1;2;2;19;0;2;;;;;;;
7;8;1.9222389;0.9339934;0.9882455;28;1;1.5;2;14;1;2;;;;;;;
7;9;3.7316638;2.1764913;1.5551725;30;1;2;2;12;0;2;;;;;;;
8;9;20.3531943;8.4398775;11.9133168;30;1;1.5;2;15;1;2;;;;;;;
0;1;0.3864662;0.0924588;0.2940074;43;1;3;3;3;0;4;;;;;;;
0;2;53.7552899;0.1253167;53.6299732;44;1;2.5;3;7;1;4;;;;;;;
0;3;7.1899674;0.0805642;7.1094032;45;1;3;3;1;0;4;;;;;;;
0;4;14.1406064;0.1150088;14.0255976;41;1;2.5;3;8;1;4;;;;;;;
0;5;0.1509911;0.1025137;0.0484774;45;1;3;3;2;0;4;;;;;;;
0;6;29.2785818;0.1436269;29.1349549;42;1;2.5;3;8;1;4;;;;;;;
0;7;21.0031899;0.1156525;20.8875374;42;1;2.5;3;8;1;4;;;;;;;
0;8;155.4795601;0.1413692;155.3381909;42;1;2.5;3;10;1;4;;;;;;;
0;9;0.3238283;0.0793902;0.2444381;43;1;2.5;3;9;1;4;;;;;;;
1;2;7.589152;0.1265226;7.4626294;41;1;2.5;3;7;1;4;;;;;;;
1;3;1.8109534;0.1053243;1.7056291;42;1;3;3;2;0;4;;;;;;;
1;4;1.7107908;0.1392744;1.5715164;38;1;2.5;3;7;1;4;;;;;;;
1;5;0.2650919;0.1016968;0.1633951;42;1;3;3;1;0;4;;;;;;;
1;6;3.2047323;0.1575965;3.0471358;39;1;2.5;3;7;1;4;;;;;;;
1;7;2.4337703;0.1423556;2.2914147;39;1;2.5;3;7;1;4;;;;;;;
1;8;6.5254913;0.1815833;6.343908;39;1;2.5;3;9;1;4;;;;;;;
1;9;0.3344491;0.0883653;0.2460838;40;1;2.5;3;9;1;4;;;;;;;
2;3;30.8475952;0.1298451;30.7177501;43;1;2.5;3;7;1;4;;;;;;;
2;4;3.1813582;0.1259253;3.0554329;39;1;2;2;0;0;4;;;;;;;
2;5;31.277293;0.1188681;31.1584249;43;1;2.5;3;7;1;4;;;;;;;
2;6;3.4127463;0.164105;3.2486413;40;1;2;2;3;0;4;;;;;;;
2;7;3.9957427;0.1275433;3.8681994;40;1;2;2;0;0;4;;;;;;;
2;8;3.4751216;0.1641749;3.3109467;40;1;2;2;4;0;4;;;;;;;
2;9;46.4250985;0.0959278;46.3291707;41;1;2;2;13;0;4;;;;;;;
3;4;5.3092799;0.1250267;5.1842532;40;1;2.5;3;7;1;4;;;;;;;
3;5;4.1608281;0.0913294;4.0694987;44;1;3;3;3;0;4;;;;;;;
3;6;12.051463;0.1468392;11.9046238;41;1;2.5;3;8;1;4;;;;;;;
3;7;7.2381059;0.1264088;7.1116971;41;1;2.5;3;7;1;4;;;;;;;
3;8;35.9217674;0.1469501;35.7748173;41;1;2.5;3;10;1;4;;;;;;;
3;9;6.3777355;0.0798725;6.297863;42;1;2.5;3;15;1;4;;;;;;;
4;5;8.8077905;0.1230958;8.6846947;40;1;2.5;3;7;1;4;;;;;;;
4;6;1.2437508;0.1464431;1.0973077;37;1;2;2;3;0;4;;;;;;;
4;7;1.1499075;0.1149563;1.0349512;37;1;2;2;0;0;4;;;;;;;
4;8;5.7798659;0.1833313;5.5965346;37;1;2;2;4;0;4;;;;;;;
4;9;11.8529835;0.0960946;11.7568889;38;1;2;2;14;0;4;;;;;;;
5;6;13.8979112;0.1531024;13.7448088;41;1;2.5;3;7;1;4;;;;;;;
5;7;14.1606243;0.1250467;14.0355776;41;1;2.5;3;7;1;4;;;;;;;
5;8;58.9708626;0.1463117;58.8245509;41;1;2.5;3;9;1;4;;;;;;;
5;9;0.2401102;0.0996377;0.1404725;42;1;2.5;3;11;1;4;;;;;;;
6;7;2.5074296;0.156057;2.3513726;38;1;2;2;3;0;4;;;;;;;
6;8;2.6477417;0.2054625;2.4422792;38;1;2;2;0;0;4;;;;;;;
6;9;25.0745049;0.114041;24.9604639;39;1;2;2;13;0;4;;;;;;;
7;8;16.8128519;0.1842637;16.6285882;38;1;2;2;4;0;4;;;;;;;
7;9;17.44577;0.0990507;17.3467193;39;1;2;2;14;0;4;;;;;;;
8;9;128.3020841;0;128.3020841;39;1;2;2;NaN;0;4;;;;;;;
0;1;76.190219;0.3211558;75.8690632;63;1;3;3;2;0;8;;;;;;;
0;2;9.5359584;0.245972;9.2899864;57;1;3;3;0;0;8;;;;;;;
0;3;19.8396982;0.3569983;19.4826999;60;1;3;3;2;0;8;;;;;;;
0;4;0.7651647;0.2601683;0.5049964;58;1;3;3;0;0;8;;;;;;;
0;5;40.8265757;0.4184464;40.4081293;61;1;3;3;2;0;8;;;;;;;
0;6;29.2441732;0.3439634;28.9002098;61;1;3;3;2;0;8;;;;;;;
0;7;201.4704644;0.3653954;201.105069;57;1;3;3;2;0;8;;;;;;;
0;8;1.1449998;0.2552427;0.8897571;57;1;3;3;5;0;8;;;;;;;
0;9;63.2679277;0.3215474;62.9463803;59;1;3;3;5;0;8;;;;;;;
1;2;110.1665793;0.3323537;109.8342256;64;1;3;3;4;0;8;;;;;;;
1;3;87.9326202;0.4056011;87.5270191;67;1;3;3;0;0;8;;;;;;;
1;4;103.7851191;0.3077781;103.477341;65;1;3;3;3;0;8;;;;;;;
1;5;106.6284105;1.3782246;105.2501859;68;1;3;3;0;0;8;;;;;;;
1;6;96.8619494;0.4092398;96.4527096;68;1;3;3;0;0;8;;;;;;;
1;7;258.9904883;0.4493148;258.5411735;64;1;3;3;0;0;8;;;;;;;
1;8;137.4366269;0.3331465;137.1034804;64;1;3;3;9;0;8;;;;;;;
1;9;66.6317231;0.3929796;66.2387435;66;1;3;3;7;0;8;;;;;;;
2;3;31.3859141;0.2822941;31.10362;61;1;3;3;4;0;8;;;;;;;
2;4;11.7647049;0.2714275;11.4932774;59;1;3;3;0;0;8;;;;;;;
2;5;57.7901471;0.3589237;57.4312234;62;1;3;3;4;0;8;;;;;;;
2;6;41.6771606;0.283314;41.3938466;62;1;3;3;4;0;8;;;;;;;
2;7;241.2052502;0.3497746;240.8554756;58;1;3;3;4;0;8;;;;;;;
2;8;15.2723639;0.1841805;15.0881834;58;1;3;3;5;0;8;;;;;;;
2;9;86.8669857;0.3386474;86.5283383;60;1;3;3;7;0;8;;;;;;;
3;4;27.904808;0.3818579;27.5229501;62;1;3;3;3;0;8;;;;;;;
3;5;54.3315308;0.4892349;53.8422959;65;1;3;3;0;0;8;;;;;;;
3;6;44.2386596;0.4410069;43.7976527;65;1;3;3;0;0;8;;;;;;;
3;7;213.0906414;0.4699601;212.6206813;61;1;3;3;0;0;8;;;;;;;
3;8;35.2143554;0.2979113;34.9164441;61;1;3;3;7;0;8;;;;;;;
3;9;59.7687039;0.4084961;59.3602078;63;1;3;3;7;0;8;;;;;;;
4;5;52.1894318;0.4385538;51.750878;63;1;3;3;3;0;8;;;;;;;
4;6;43.4912662;1.2444748;42.2467914;63;1;3;3;3;0;8;;;;;;;
4;7;260.0097048;0.3477246;259.6619802;59;1;3;3;3;0;8;;;;;;;
4;8;0.7197594;0.2160883;0.5036711;59;1;3;3;5;0;8;;;;;;;
4;9;86.6970018;0.3067781;86.3902237;61;1;3;3;6;0;8;;;;;;;
5;6;65.175998;0.5210064;64.6549916;66;1;3;3;0;0;8;;;;;;;
5;7;233.0254676;0.603681;232.4217866;62;1;3;3;0;0;8;;;;;;;
5;8;75.5294062;0.4548085;75.0745977;62;1;3;3;8;0;8;;;;;;;
5;9;62.481207;0.5098506;61.9713564;64;1;3;3;7;0;8;;;;;;;
6;7;239.2942701;0.4725858;238.8216843;62;1;3;3;0;0;8;;;;;;;
6;8;52.1913607;0.3041601;51.8872006;62;1;3;3;7;0;8;;;;;;;
6;9;61.7177719;0.4182976;61.2994743;64;1;3;3;7;0;8;;;;;;;
7;8;383.1200289;0.3235505;382.7964784;58;1;3;3;10;0;8;;;;;;;
7;9;64.9502008;0.4632532;64.4869476;60;1;3;3;7;0;8;;;;;;;
8;9;112.4373581;0.2723552;112.1650029;60;1;3;3;10;0;8;;;;;;;
0;1;0.1757399;0.1181743;0.0575656;22;1;1;1;11;0;2;;;;;;;
0;2;0.070575;0.0533654;0.0172096;20;1;1;1;7;0;2;;;;;;;
0;3;0.115182;0.0766878;0.0384942;21;1;1;1;10;0;2;;;;;;;
0;4;0.3933188;0.3865234;0.0067954;24;1;1;1;11;0;2;;;;;;;
0;5;0.0507802;0.0419979;0.0087823;21;1;1.5;2;8;1;2;;;;;;;
0;6;0.0415129;0.0302389;0.011274;17;1;1;1;5;0;2;;;;;;;
0;7;0.0490399;0.0430805;0.0059594;18;1;1;1;6;0;2;;;;;;;
0;8;0.0805636;0.0439123;0.0366513;22;1;1;1;6;0;2;;;;;;;
0;9;0.0289238;0.0238424;0.0050814;14;1;1;1;8;0;2;;;;;;;
1;2;0.0879176;0.0186865;0.0692311;26;1;1;1;4;0;2;;;;;;;
1;3;0.3122708;0.304996;0.0072748;27;1;1;1;3;0;2;;;;;;;
1;4;4.1528617;0.0600464;4.0928153;30;1;1;1;6;0;2;;;;;;;
1;5;2.7619616;0.8324077;1.9295539;27;1;1.5;2;16;1;2;;;;;;;
1;6;0.3050381;0.2752518;0.0297863;23;1;1;1;10;0;2;;;;;;;
1;7;0.6365518;0.2847381;0.3518137;24;1;1;1;10;0;2;;;;;;;
1;8;2.4169534;1.6523695;0.7645839;28;1;1;1;9;0;2;;;;;;;
1;9;0.1046207;0.0729039;0.0317168;20;1;1;1;13;0;2;;;;;;;
2;3;0.165952;0.1235107;0.0424413;25;1;1;1;5;0;2;;;;;;;
2;4;2.065851;0.0825609;1.9832901;28;1;1;1;6;0;2;;;;;;;
2;5;0.7213311;0.2712562;0.4500749;25;1;1.5;2;13;1;2;;;;;;;
2;6;0.096704;0.0904123;0.0062917;21;1;1;1;6;0;2;;;;;;;
2;7;0.226882;0.1200221;0.1068599;22;1;1;1;6;0;2;;;;;;;
2;8;0.7461605;0.5732606;0.1728999;26;1;1;1;6;0;2;;;;;;;
2;9;0.0533369;0.0419595;0.0113774;18;1;1;1;11;0;2;;;;;;;
3;4;3.2066609;0.4120287;2.7946322;29;1;1;1;9;0;2;;;;;;;
3;5;0.9598023;0.1551836;0.8046187;26;1;1.5;2;14;1;2;;;;;;;
3;6;0.1759327;0.1556025;0.0203302;22;1;1;1;9;0;2;;;;;;;
3;7;0.5110401;0.2207101;0.29033;23;1;1;1;9;0;2;;;;;;;
3;8;0.6953488;0.3164616;0.3788872;27;1;1;1;8;0;2;;;;;;;
3;9;0.0801061;0.0552081;0.024898;19;1;1;1;12;0;2;;;;;;;
4;5;3.5077931;3.4726006;0.0351925;29;1;1.5;2;15;1;2;;;;;;;
4;6;2.8993347;1.2504067;1.648928;25;1;1;1;12;0;2;;;;;;;
4;7;0.8763579;0.8678406;0.0085173;26;1;1;1;9;0;2;;;;;;;
4;8;34.2251067;6.2240836;28.0010231;30;1;1;1;10;0;2;;;;;;;
4;9;0.1825164;0.1736713;0.0088451;22;1;1;1;15;0;2;;;;;;;
5;6;0.2251751;0.1112654;0.1139097;22;1;1.5;2;13;1;2;;;;;;;
5;7;0.1668969;0.1564938;0.0104031;23;1;1.5;2;12;1;2;;;;;;;
5;8;1.6118378;0.0776662;1.5341716;27;1;1.5;2;11;1;2;;;;;;;
5;9;0.0620759;0.0526764;0.0093995;19;1;1.5;2;16;1;2;;;;;;;
6;7;0.0811024;0.043567;0.0375354;19;1;1;1;3;0;2;;;;;;;
6;8;0.2617758;0.2404671;0.0213087;23;1;1;1;9;0;2;;;;;;;
6;9;0.0241788;0.016995;0.0071838;15;1;1;1;6;0;2;;;;;;;
7;8;0.9723752;0.3517021;0.6206731;24;1;1;1;9;0;2;;;;;;;
7;9;0.0267577;0.0210929;0.0056648;16;1;1;1;6;0;2;;;;;;;
8;9;0.1030516;0.0747178;0.0283338;20;1;1;1;14;0;2;;;;;;;
0;1;0.2054701;0.0692265;0.1362436;31;1;1;1;0;0;4;;;;;;;
0;2;0.1678541;0.0698376;0.0980165;33;1;1;1;0;0;4;;;;;;;
0;3;4.2038411;0.06899;4.1348511;35;1;1;1;0;0;4;;;;;;;
0;4;2.0990998;0.084892;2.0142078;31;1;1.5;2;5;1;4;;;;;;;
0;5;0.1618219;0.069244;0.0925779;28;1;1;1;0;0;4;;;;;;;
0;6;0.4777045;0.0695585;0.408146;29;1;1;1;0;0;4;;;;;;;
0;7;0.9113938;0.0623692;0.8490246;31;1;1;1;0;0;4;;;;;;;
0;8;0.1652606;0.0737519;0.0915087;27;1;1;1;0;0;4;;;;;;;
0;9;0.1930244;0.0555785;0.1374459;32;1;1;1;0;0;4;;;;;;;
1;2;0.160123;0.0665776;0.0935454;30;1;1;1;0;0;4;;;;;;;
1;3;2.0793154;0.0626839;2.0166315;32;1;1;1;0;0;4;;;;;;;
1;4;0.5582878;0.0771049;0.4811829;28;1;1.5;2;5;1;4;;;;;;;
1;5;0.0916639;0.0626496;0.0290143;25;1;1;1;0;0;4;;;;;;;
1;6;0.1879825;0.0630283;0.1249542;26;1;1;1;0;0;4;;;;;;;
1;7;0.2734944;0.0579868;0.2155076;28;1;1;1;0;0;4;;;;;;;
1;8;0.0977176;0.0688166;0.028901;24;1;1;1;0;0;4;;;;;;;
1;9;0.1935522;0.0565016;0.1370506;29;1;1;1;0;0;4;;;;;;;
2;3;2.9334023;0.0679117;2.8654906;34;1;1;1;0;0;4;;;;;;;
2;4;0.9447608;0.082922;0.8618388;30;1;1.5;2;5;1;4;;;;;;;
2;5;0.1321444;0.0679281;0.0642163;27;1;1;1;0;0;4;;;;;;;
2;6;0.3968086;0.0669428;0.3298658;28;1;1;1;0;0;4;;;;;;;
2;7;0.5110949;0.0633634;0.4477315;30;1;1;1;0;0;4;;;;;;;
2;8;0.1372936;0.0733862;0.0639074;26;1;1;1;0;0;4;;;;;;;
2;9;0.165637;0.0547416;0.1108954;31;1;1;1;3;0;4;;;;;;;
3;4;0.1216272;0.079441;0.0421862;32;1;1.5;2;5;1;4;;;;;;;
3;5;1.7295686;0.0633738;1.6661948;29;1;1;1;0;0;4;;;;;;;
3;6;0.0806384;0.0662838;0.0143546;30;1;1;1;0;0;4;;;;;;;
3;7;28.1042766;0.0589468;28.0453298;32;1;1;1;0;0;4;;;;;;;
3;8;0.0886543;0.0729054;0.0157489;28;1;1;1;0;0;4;;;;;;;
3;9;6.201498;0.059273;6.142225;33;1;1;1;5;0;4;;;;;;;
4;5;0.2030053;0.0753012;0.1277041;25;1;1.5;2;5;1;4;;;;;;;
4;6;0.0949018;0.0782379;0.0166639;26;1;1.5;2;5;1;4;;;;;;;
4;7;1.6260795;0.0460976;1.5799819;28;1;1.5;2;5;1;4;;;;;;;
4;8;0.1046529;0.0884947;0.0161582;24;1;1.5;2;5;1;4;;;;;;;
4;9;2.5546712;0.0925852;2.462086;29;1;1.5;2;12;1;4;;;;;;;
5;6;0.1096293;0.0617152;0.0479141;23;1;1;1;0;0;4;;;;;;;
5;7;0.1205231;0.0581659;0.0623572;25;1;1;1;0;0;4;;;;;;;
5;8;0.0877215;0.068411;0.0193105;21;1;1;1;0;0;4;;;;;;;
5;9;0.1511618;0.0569712;0.0941906;26;1;1;1;6;0;4;;;;;;;
6;7;0.7084502;0.0573813;0.6510689;26;1;1;1;0;0;4;;;;;;;
6;8;0.0825687;0.0705214;0.0120473;22;1;1;1;0;0;4;;;;;;;
6;9;0.5754068;0.0578859;0.5175209;27;1;1;1;6;0;4;;;;;;;
7;8;0.1278809;0.0641641;0.0637168;24;1;1;1;0;0;4;;;;;;;
7;9;1.0565837;0.0700931;0.9864906;29;1;1;1;6;0;4;;;;;;;
8;9;0.1660324;0.0612109;0.1048215;25;1;1;1;7;0;4;;;;;;;
0;1;0.666137;0.247507;0.41863;54;1;1;1;0;0;8;;;;;;;
0;2;6.5941734;0.2444362;6.3497372;56;1;1;1;0;0;8;;;;;;;
0;3;3.094113;0.2759139;2.8181991;52;1;1.5;2;5;1;8;;;;;;;
0;4;0.5904913;0.2440187;0.3464726;49;1;1;1;0;0;8;;;;;;;
0;5;0.9990923;0.2450013;0.754091;50;1;1;1;0;0;8;;;;;;;
0;6;1.5075969;0.2273038;1.2802931;52;1;1;1;0;0;8;;;;;;;
0;7;0.6180979;0.2692519;0.348846;50;1;1;1;0;0;8;;;;;;;
0;8;0.7122053;0.211247;0.5009583;53;1;1;1;0;0;8;;;;;;;
0;9;0.5770154;0.238317;0.3386984;51;1;1;1;0;0;8;;;;;;;
1;2;7.4238502;0.2468974;7.1769528;58;1;1;1;0;0;8;;;;;;;
1;3;4.2635832;1.1185012;3.145082;54;1;1.5;2;5;1;8;;;;;;;
1;4;0.5960129;0.2500078;0.3460051;51;1;1;1;0;0;8;;;;;;;
1;5;1.1795251;0.2530641;0.926461;52;1;1;1;0;0;8;;;;;;;
1;6;1.700406;0.2330292;1.4673768;54;1;1;1;0;0;8;;;;;;;
1;7;0.6189879;0.2773134;0.3416745;52;1;1;1;0;0;8;;;;;;;
1;8;0.6513566;0.2171364;0.4342202;55;1;1;1;0;0;8;;;;;;;
1;9;0.6286412;0.2472824;0.3813588;53;1;1;1;0;0;8;;;;;;;
2;3;8.7476014;0.2866474;8.460954;56;1;1.5;2;5;1;8;;;;;;;
2;4;6.2608933;0.2569224;6.0039709;53;1;1;1;0;0;8;;;;;;;
2;5;4.8950489;0.2479623;4.6470866;54;1;1;1;0;0;8;;;;;;;
2;6;33.3296615;0.2288467;33.1008148;56;1;1;1;0;0;8;;;;;;;
2;7;4.5849152;0.2739376;4.3109776;54;1;1;1;0;0;8;;;;;;;
2;8;10.7134111;0.2121999;10.5012112;57;1;1;1;0;0;8;;;;;;;
2;9;5.2765289;0.2372798;5.0392491;55;1;1;1;0;0;8;;;;;;;
3;4;2.6916949;0.2891058;2.4025891;49;1;1.5;2;5;1;8;;;;;;;
3;5;3.0507836;0.2790357;2.7717479;50;1;1.5;2;5;1;8;;;;;;;
3;6;5.2493513;0.265992;4.9833593;52;1;1.5;2;5;1;8;;;;;;;
3;7;2.5929519;0.3021159;2.290836;50;1;1.5;2;5;1;8;;;;;;;
3;8;5.036849;0.2540269;4.7828221;53;1;1.5;2;5;1;8;;;;;;;
3;9;1.919647;0.2726616;1.6469854;51;1;1.5;2;5;1;8;;;;;;;
4;5;0.8802881;0.2456166;0.6346715;47;1;1;1;0;0;8;;;;;;;
4;6;1.3247357;0.2331868;1.0915489;49;1;1;1;0;0;8;;;;;;;
4;7;0.5663004;0.2722668;0.2940336;47;1;1;1;0;0;8;;;;;;;
4;8;0.6364992;0.2183621;0.4181371;50;1;1;1;0;0;8;;;;;;;
4;9;0.5465619;0.2429833;0.3035786;48;1;1;1;0;0;8;;;;;;;
5;6;2.2230662;0.231825;1.9912412;50;1;1;1;0;0;8;;;;;;;
5;7;0.868164;0.2733605;0.5948035;48;1;1;1;0;0;8;;;;;;;
5;8;1.3616565;0.2174465;1.14421;51;1;1;1;0;0;8;;;;;;;
5;9;0.9019833;0.2424569;0.6595264;49;1;1;1;0;0;8;;;;;;;
6;7;1.3454271;0.2553317;1.0900954;50;1;1;1;0;0;8;;;;;;;
6;8;3.1041405;1.0537287;2.0504118;53;1;1;1;0;0;8;;;;;;;
6;9;1.0862334;0.2244622;0.8617712;51;1;1;1;0;0;8;;;;;;;
7;8;0.6641547;0.2390967;0.425058;51;1;1;1;0;0;8;;;;;;;
7;9;0.5664347;0.2650325;0.3014022;49;1;1;1;0;0;8;;;;;;;
8;9;0.6592494;0.2070195;0.4522299;52;1;1;1;0;0;8;;;;;;;
